--
-- PostgreSQL database dump
--

-- Dumped from database version 16.2
-- Dumped by pg_dump version 16.2

-- Started on 2024-06-21 12:30:50

SET statement_timeout = 0;
SET lock_timeout = 0;
SET idle_in_transaction_session_timeout = 0;
SET client_encoding = 'UTF8';
SET standard_conforming_strings = on;
SELECT pg_catalog.set_config('search_path', '', false);
SET check_function_bodies = false;
SET xmloption = content;
SET client_min_messages = warning;
SET row_security = off;

SET default_tablespace = '';

SET default_table_access_method = heap;

--
-- TOC entry 277 (class 1259 OID 57716)
-- Name: api_accounting; Type: TABLE; Schema: public; Owner: postgres
--

CREATE TABLE public.api_accounting (
    id bigint NOT NULL,
    quantity integer NOT NULL,
    status character varying NOT NULL,
    device_id bigint NOT NULL
);


ALTER TABLE public.api_accounting OWNER TO postgres;

--
-- TOC entry 276 (class 1259 OID 57715)
-- Name: api_accounting_id_seq; Type: SEQUENCE; Schema: public; Owner: postgres
--

ALTER TABLE public.api_accounting ALTER COLUMN id ADD GENERATED BY DEFAULT AS IDENTITY (
    SEQUENCE NAME public.api_accounting_id_seq
    START WITH 1
    INCREMENT BY 1
    NO MINVALUE
    NO MAXVALUE
    CACHE 1
);


--
-- TOC entry 269 (class 1259 OID 57667)
-- Name: api_attendance; Type: TABLE; Schema: public; Owner: postgres
--

CREATE TABLE public.api_attendance (
    id bigint NOT NULL,
    month character varying(20) NOT NULL,
    count integer NOT NULL
);


ALTER TABLE public.api_attendance OWNER TO postgres;

--
-- TOC entry 268 (class 1259 OID 57666)
-- Name: api_attendance_id_seq; Type: SEQUENCE; Schema: public; Owner: postgres
--

ALTER TABLE public.api_attendance ALTER COLUMN id ADD GENERATED BY DEFAULT AS IDENTITY (
    SEQUENCE NAME public.api_attendance_id_seq
    START WITH 1
    INCREMENT BY 1
    NO MINVALUE
    NO MAXVALUE
    CACHE 1
);


--
-- TOC entry 240 (class 1259 OID 41685)
-- Name: api_basket; Type: TABLE; Schema: public; Owner: postgres
--

CREATE TABLE public.api_basket (
    id bigint NOT NULL,
    user_id bigint NOT NULL
);


ALTER TABLE public.api_basket OWNER TO postgres;

--
-- TOC entry 239 (class 1259 OID 41684)
-- Name: api_basket_id_seq; Type: SEQUENCE; Schema: public; Owner: postgres
--

ALTER TABLE public.api_basket ALTER COLUMN id ADD GENERATED BY DEFAULT AS IDENTITY (
    SEQUENCE NAME public.api_basket_id_seq
    START WITH 1
    INCREMENT BY 1
    NO MINVALUE
    NO MAXVALUE
    CACHE 1
);


--
-- TOC entry 248 (class 1259 OID 41823)
-- Name: api_basketdevice; Type: TABLE; Schema: public; Owner: postgres
--

CREATE TABLE public.api_basketdevice (
    id bigint NOT NULL,
    basket_id bigint NOT NULL,
    device_id bigint NOT NULL,
    quantity integer NOT NULL
);


ALTER TABLE public.api_basketdevice OWNER TO postgres;

--
-- TOC entry 247 (class 1259 OID 41822)
-- Name: api_basketdevice_id_seq; Type: SEQUENCE; Schema: public; Owner: postgres
--

ALTER TABLE public.api_basketdevice ALTER COLUMN id ADD GENERATED BY DEFAULT AS IDENTITY (
    SEQUENCE NAME public.api_basketdevice_id_seq
    START WITH 1
    INCREMENT BY 1
    NO MINVALUE
    NO MAXVALUE
    CACHE 1
);


--
-- TOC entry 226 (class 1259 OID 41629)
-- Name: api_brand; Type: TABLE; Schema: public; Owner: postgres
--

CREATE TABLE public.api_brand (
    id bigint NOT NULL,
    name character varying(100) NOT NULL,
    logo_brand character varying(100) NOT NULL
);


ALTER TABLE public.api_brand OWNER TO postgres;

--
-- TOC entry 225 (class 1259 OID 41628)
-- Name: api_brand_id_seq; Type: SEQUENCE; Schema: public; Owner: postgres
--

ALTER TABLE public.api_brand ALTER COLUMN id ADD GENERATED BY DEFAULT AS IDENTITY (
    SEQUENCE NAME public.api_brand_id_seq
    START WITH 1
    INCREMENT BY 1
    NO MINVALUE
    NO MAXVALUE
    CACHE 1
);


--
-- TOC entry 273 (class 1259 OID 57686)
-- Name: api_characteristic; Type: TABLE; Schema: public; Owner: postgres
--

CREATE TABLE public.api_characteristic (
    id bigint NOT NULL,
    name character varying(100) NOT NULL,
    type_id bigint NOT NULL
);


ALTER TABLE public.api_characteristic OWNER TO postgres;

--
-- TOC entry 272 (class 1259 OID 57685)
-- Name: api_characteristic_id_seq; Type: SEQUENCE; Schema: public; Owner: postgres
--

ALTER TABLE public.api_characteristic ALTER COLUMN id ADD GENERATED BY DEFAULT AS IDENTITY (
    SEQUENCE NAME public.api_characteristic_id_seq
    START WITH 1
    INCREMENT BY 1
    NO MINVALUE
    NO MAXVALUE
    CACHE 1
);


--
-- TOC entry 238 (class 1259 OID 41677)
-- Name: api_comment; Type: TABLE; Schema: public; Owner: postgres
--

CREATE TABLE public.api_comment (
    id bigint NOT NULL,
    comment_text character varying(1000) NOT NULL,
    rating integer NOT NULL,
    user_id bigint NOT NULL,
    device_id bigint NOT NULL
);


ALTER TABLE public.api_comment OWNER TO postgres;

--
-- TOC entry 237 (class 1259 OID 41676)
-- Name: api_comment_id_seq; Type: SEQUENCE; Schema: public; Owner: postgres
--

ALTER TABLE public.api_comment ALTER COLUMN id ADD GENERATED BY DEFAULT AS IDENTITY (
    SEQUENCE NAME public.api_comment_id_seq
    START WITH 1
    INCREMENT BY 1
    NO MINVALUE
    NO MAXVALUE
    CACHE 1
);


--
-- TOC entry 261 (class 1259 OID 49402)
-- Name: api_deliveryorder; Type: TABLE; Schema: public; Owner: postgres
--

CREATE TABLE public.api_deliveryorder (
    id bigint NOT NULL,
    name_user character varying(100) NOT NULL,
    telephone character varying(20) NOT NULL,
    address text NOT NULL,
    entrance character varying(10) NOT NULL,
    flat character varying(10) NOT NULL,
    comments text,
    date_delivery timestamp with time zone,
    order_id bigint NOT NULL
);


ALTER TABLE public.api_deliveryorder OWNER TO postgres;

--
-- TOC entry 260 (class 1259 OID 49401)
-- Name: api_deliveryorder_id_seq; Type: SEQUENCE; Schema: public; Owner: postgres
--

ALTER TABLE public.api_deliveryorder ALTER COLUMN id ADD GENERATED BY DEFAULT AS IDENTITY (
    SEQUENCE NAME public.api_deliveryorder_id_seq
    START WITH 1
    INCREMENT BY 1
    NO MINVALUE
    NO MAXVALUE
    CACHE 1
);


--
-- TOC entry 236 (class 1259 OID 41667)
-- Name: api_device; Type: TABLE; Schema: public; Owner: postgres
--

CREATE TABLE public.api_device (
    id bigint NOT NULL,
    name_device character varying(100) NOT NULL,
    price numeric(10,2) NOT NULL,
    image_device character varying(100) NOT NULL,
    info character varying(5000) NOT NULL,
    brand_id bigint NOT NULL,
    type_id bigint NOT NULL,
    quantity integer NOT NULL
);


ALTER TABLE public.api_device OWNER TO postgres;

--
-- TOC entry 235 (class 1259 OID 41666)
-- Name: api_device_id_seq; Type: SEQUENCE; Schema: public; Owner: postgres
--

ALTER TABLE public.api_device ALTER COLUMN id ADD GENERATED BY DEFAULT AS IDENTITY (
    SEQUENCE NAME public.api_device_id_seq
    START WITH 1
    INCREMENT BY 1
    NO MINVALUE
    NO MAXVALUE
    CACHE 1
);


--
-- TOC entry 275 (class 1259 OID 57692)
-- Name: api_devicecharacteristic; Type: TABLE; Schema: public; Owner: postgres
--

CREATE TABLE public.api_devicecharacteristic (
    id bigint NOT NULL,
    value character varying(100) NOT NULL,
    characteristic_id bigint NOT NULL,
    device_id bigint NOT NULL
);


ALTER TABLE public.api_devicecharacteristic OWNER TO postgres;

--
-- TOC entry 274 (class 1259 OID 57691)
-- Name: api_devicecharacteristic_id_seq; Type: SEQUENCE; Schema: public; Owner: postgres
--

ALTER TABLE public.api_devicecharacteristic ALTER COLUMN id ADD GENERATED BY DEFAULT AS IDENTITY (
    SEQUENCE NAME public.api_devicecharacteristic_id_seq
    START WITH 1
    INCREMENT BY 1
    NO MINVALUE
    NO MAXVALUE
    CACHE 1
);


--
-- TOC entry 259 (class 1259 OID 49396)
-- Name: api_order; Type: TABLE; Schema: public; Owner: postgres
--

CREATE TABLE public.api_order (
    id bigint NOT NULL,
    date_order timestamp with time zone NOT NULL,
    payment_method character varying(100) NOT NULL,
    total_amount numeric(10,2) NOT NULL,
    number_order character varying(100) NOT NULL,
    user_id bigint NOT NULL,
    status_id bigint NOT NULL,
    type_order_id bigint NOT NULL
);


ALTER TABLE public.api_order OWNER TO postgres;

--
-- TOC entry 258 (class 1259 OID 49395)
-- Name: api_order_id_seq; Type: SEQUENCE; Schema: public; Owner: postgres
--

ALTER TABLE public.api_order ALTER COLUMN id ADD GENERATED BY DEFAULT AS IDENTITY (
    SEQUENCE NAME public.api_order_id_seq
    START WITH 1
    INCREMENT BY 1
    NO MINVALUE
    NO MAXVALUE
    CACHE 1
);


--
-- TOC entry 263 (class 1259 OID 49412)
-- Name: api_orderdevice; Type: TABLE; Schema: public; Owner: postgres
--

CREATE TABLE public.api_orderdevice (
    id bigint NOT NULL,
    device_id bigint NOT NULL,
    order_id bigint NOT NULL,
    quantity integer NOT NULL
);


ALTER TABLE public.api_orderdevice OWNER TO postgres;

--
-- TOC entry 262 (class 1259 OID 49411)
-- Name: api_orderdevice_id_seq; Type: SEQUENCE; Schema: public; Owner: postgres
--

ALTER TABLE public.api_orderdevice ALTER COLUMN id ADD GENERATED BY DEFAULT AS IDENTITY (
    SEQUENCE NAME public.api_orderdevice_id_seq
    START WITH 1
    INCREMENT BY 1
    NO MINVALUE
    NO MAXVALUE
    CACHE 1
);


--
-- TOC entry 265 (class 1259 OID 49418)
-- Name: api_pickuporder; Type: TABLE; Schema: public; Owner: postgres
--

CREATE TABLE public.api_pickuporder (
    id bigint NOT NULL,
    name_user character varying(100) NOT NULL,
    telephone character varying(20) NOT NULL,
    date_pickup timestamp with time zone,
    order_id bigint NOT NULL
);


ALTER TABLE public.api_pickuporder OWNER TO postgres;

--
-- TOC entry 264 (class 1259 OID 49417)
-- Name: api_pickuporder_id_seq; Type: SEQUENCE; Schema: public; Owner: postgres
--

ALTER TABLE public.api_pickuporder ALTER COLUMN id ADD GENERATED BY DEFAULT AS IDENTITY (
    SEQUENCE NAME public.api_pickuporder_id_seq
    START WITH 1
    INCREMENT BY 1
    NO MINVALUE
    NO MAXVALUE
    CACHE 1
);


--
-- TOC entry 242 (class 1259 OID 41693)
-- Name: api_profile; Type: TABLE; Schema: public; Owner: postgres
--

CREATE TABLE public.api_profile (
    id bigint NOT NULL,
    first_name character varying(100) NOT NULL,
    surname character varying(100) NOT NULL,
    patronymic character varying(100) NOT NULL,
    phone_number character varying(17) NOT NULL,
    image character varying(100) NOT NULL,
    user_id bigint NOT NULL
);


ALTER TABLE public.api_profile OWNER TO postgres;

--
-- TOC entry 241 (class 1259 OID 41692)
-- Name: api_profile_id_seq; Type: SEQUENCE; Schema: public; Owner: postgres
--

ALTER TABLE public.api_profile ALTER COLUMN id ADD GENERATED BY DEFAULT AS IDENTITY (
    SEQUENCE NAME public.api_profile_id_seq
    START WITH 1
    INCREMENT BY 1
    NO MINVALUE
    NO MAXVALUE
    CACHE 1
);


--
-- TOC entry 244 (class 1259 OID 41703)
-- Name: api_rating; Type: TABLE; Schema: public; Owner: postgres
--

CREATE TABLE public.api_rating (
    id bigint NOT NULL,
    mean_rating numeric(5,2) NOT NULL,
    count_feedbacks integer NOT NULL,
    device_id_id bigint NOT NULL,
    CONSTRAINT api_rating_count_feedbacks_check CHECK ((count_feedbacks >= 0))
);


ALTER TABLE public.api_rating OWNER TO postgres;

--
-- TOC entry 243 (class 1259 OID 41702)
-- Name: api_rating_id_seq; Type: SEQUENCE; Schema: public; Owner: postgres
--

ALTER TABLE public.api_rating ALTER COLUMN id ADD GENERATED BY DEFAULT AS IDENTITY (
    SEQUENCE NAME public.api_rating_id_seq
    START WITH 1
    INCREMENT BY 1
    NO MINVALUE
    NO MAXVALUE
    CACHE 1
);


--
-- TOC entry 255 (class 1259 OID 49384)
-- Name: api_status; Type: TABLE; Schema: public; Owner: postgres
--

CREATE TABLE public.api_status (
    id bigint NOT NULL,
    description character varying(100) NOT NULL
);


ALTER TABLE public.api_status OWNER TO postgres;

--
-- TOC entry 254 (class 1259 OID 49383)
-- Name: api_status_id_seq; Type: SEQUENCE; Schema: public; Owner: postgres
--

ALTER TABLE public.api_status ALTER COLUMN id ADD GENERATED BY DEFAULT AS IDENTITY (
    SEQUENCE NAME public.api_status_id_seq
    START WITH 1
    INCREMENT BY 1
    NO MINVALUE
    NO MAXVALUE
    CACHE 1
);


--
-- TOC entry 228 (class 1259 OID 41637)
-- Name: api_type; Type: TABLE; Schema: public; Owner: postgres
--

CREATE TABLE public.api_type (
    id bigint NOT NULL,
    name character varying(100) NOT NULL,
    image character varying(100) NOT NULL
);


ALTER TABLE public.api_type OWNER TO postgres;

--
-- TOC entry 227 (class 1259 OID 41636)
-- Name: api_type_id_seq; Type: SEQUENCE; Schema: public; Owner: postgres
--

ALTER TABLE public.api_type ALTER COLUMN id ADD GENERATED BY DEFAULT AS IDENTITY (
    SEQUENCE NAME public.api_type_id_seq
    START WITH 1
    INCREMENT BY 1
    NO MINVALUE
    NO MAXVALUE
    CACHE 1
);


--
-- TOC entry 257 (class 1259 OID 49390)
-- Name: api_typeorder; Type: TABLE; Schema: public; Owner: postgres
--

CREATE TABLE public.api_typeorder (
    id bigint NOT NULL,
    type_name character varying(100) NOT NULL
);


ALTER TABLE public.api_typeorder OWNER TO postgres;

--
-- TOC entry 256 (class 1259 OID 49389)
-- Name: api_typeorder_id_seq; Type: SEQUENCE; Schema: public; Owner: postgres
--

ALTER TABLE public.api_typeorder ALTER COLUMN id ADD GENERATED BY DEFAULT AS IDENTITY (
    SEQUENCE NAME public.api_typeorder_id_seq
    START WITH 1
    INCREMENT BY 1
    NO MINVALUE
    NO MAXVALUE
    CACHE 1
);


--
-- TOC entry 230 (class 1259 OID 41645)
-- Name: api_user; Type: TABLE; Schema: public; Owner: postgres
--

CREATE TABLE public.api_user (
    id bigint NOT NULL,
    password character varying(128) NOT NULL,
    last_login timestamp with time zone,
    is_superuser boolean NOT NULL,
    first_name character varying(150) NOT NULL,
    last_name character varying(150) NOT NULL,
    is_staff boolean NOT NULL,
    is_active boolean NOT NULL,
    date_joined timestamp with time zone NOT NULL,
    username character varying(100) NOT NULL,
    email character varying(254) NOT NULL,
    role character varying NOT NULL
);


ALTER TABLE public.api_user OWNER TO postgres;

--
-- TOC entry 232 (class 1259 OID 41655)
-- Name: api_user_groups; Type: TABLE; Schema: public; Owner: postgres
--

CREATE TABLE public.api_user_groups (
    id bigint NOT NULL,
    user_id bigint NOT NULL,
    group_id integer NOT NULL
);


ALTER TABLE public.api_user_groups OWNER TO postgres;

--
-- TOC entry 231 (class 1259 OID 41654)
-- Name: api_user_groups_id_seq; Type: SEQUENCE; Schema: public; Owner: postgres
--

ALTER TABLE public.api_user_groups ALTER COLUMN id ADD GENERATED BY DEFAULT AS IDENTITY (
    SEQUENCE NAME public.api_user_groups_id_seq
    START WITH 1
    INCREMENT BY 1
    NO MINVALUE
    NO MAXVALUE
    CACHE 1
);


--
-- TOC entry 229 (class 1259 OID 41644)
-- Name: api_user_id_seq; Type: SEQUENCE; Schema: public; Owner: postgres
--

ALTER TABLE public.api_user ALTER COLUMN id ADD GENERATED BY DEFAULT AS IDENTITY (
    SEQUENCE NAME public.api_user_id_seq
    START WITH 1
    INCREMENT BY 1
    NO MINVALUE
    NO MAXVALUE
    CACHE 1
);


--
-- TOC entry 234 (class 1259 OID 41661)
-- Name: api_user_user_permissions; Type: TABLE; Schema: public; Owner: postgres
--

CREATE TABLE public.api_user_user_permissions (
    id bigint NOT NULL,
    user_id bigint NOT NULL,
    permission_id integer NOT NULL
);


ALTER TABLE public.api_user_user_permissions OWNER TO postgres;

--
-- TOC entry 233 (class 1259 OID 41660)
-- Name: api_user_user_permissions_id_seq; Type: SEQUENCE; Schema: public; Owner: postgres
--

ALTER TABLE public.api_user_user_permissions ALTER COLUMN id ADD GENERATED BY DEFAULT AS IDENTITY (
    SEQUENCE NAME public.api_user_user_permissions_id_seq
    START WITH 1
    INCREMENT BY 1
    NO MINVALUE
    NO MAXVALUE
    CACHE 1
);


--
-- TOC entry 271 (class 1259 OID 57674)
-- Name: api_userlogin; Type: TABLE; Schema: public; Owner: postgres
--

CREATE TABLE public.api_userlogin (
    id bigint NOT NULL,
    login_time timestamp with time zone NOT NULL,
    user_id bigint NOT NULL
);


ALTER TABLE public.api_userlogin OWNER TO postgres;

--
-- TOC entry 270 (class 1259 OID 57673)
-- Name: api_userlogin_id_seq; Type: SEQUENCE; Schema: public; Owner: postgres
--

ALTER TABLE public.api_userlogin ALTER COLUMN id ADD GENERATED BY DEFAULT AS IDENTITY (
    SEQUENCE NAME public.api_userlogin_id_seq
    START WITH 1
    INCREMENT BY 1
    NO MINVALUE
    NO MAXVALUE
    CACHE 1
);


--
-- TOC entry 267 (class 1259 OID 49477)
-- Name: api_wallet; Type: TABLE; Schema: public; Owner: postgres
--

CREATE TABLE public.api_wallet (
    id bigint NOT NULL,
    balance numeric(10,2) NOT NULL,
    user_id bigint NOT NULL
);


ALTER TABLE public.api_wallet OWNER TO postgres;

--
-- TOC entry 266 (class 1259 OID 49476)
-- Name: api_wallet_id_seq; Type: SEQUENCE; Schema: public; Owner: postgres
--

ALTER TABLE public.api_wallet ALTER COLUMN id ADD GENERATED BY DEFAULT AS IDENTITY (
    SEQUENCE NAME public.api_wallet_id_seq
    START WITH 1
    INCREMENT BY 1
    NO MINVALUE
    NO MAXVALUE
    CACHE 1
);


--
-- TOC entry 222 (class 1259 OID 41589)
-- Name: auth_group; Type: TABLE; Schema: public; Owner: postgres
--

CREATE TABLE public.auth_group (
    id integer NOT NULL,
    name character varying(150) NOT NULL
);


ALTER TABLE public.auth_group OWNER TO postgres;

--
-- TOC entry 221 (class 1259 OID 41588)
-- Name: auth_group_id_seq; Type: SEQUENCE; Schema: public; Owner: postgres
--

ALTER TABLE public.auth_group ALTER COLUMN id ADD GENERATED BY DEFAULT AS IDENTITY (
    SEQUENCE NAME public.auth_group_id_seq
    START WITH 1
    INCREMENT BY 1
    NO MINVALUE
    NO MAXVALUE
    CACHE 1
);


--
-- TOC entry 224 (class 1259 OID 41597)
-- Name: auth_group_permissions; Type: TABLE; Schema: public; Owner: postgres
--

CREATE TABLE public.auth_group_permissions (
    id bigint NOT NULL,
    group_id integer NOT NULL,
    permission_id integer NOT NULL
);


ALTER TABLE public.auth_group_permissions OWNER TO postgres;

--
-- TOC entry 223 (class 1259 OID 41596)
-- Name: auth_group_permissions_id_seq; Type: SEQUENCE; Schema: public; Owner: postgres
--

ALTER TABLE public.auth_group_permissions ALTER COLUMN id ADD GENERATED BY DEFAULT AS IDENTITY (
    SEQUENCE NAME public.auth_group_permissions_id_seq
    START WITH 1
    INCREMENT BY 1
    NO MINVALUE
    NO MAXVALUE
    CACHE 1
);


--
-- TOC entry 220 (class 1259 OID 41583)
-- Name: auth_permission; Type: TABLE; Schema: public; Owner: postgres
--

CREATE TABLE public.auth_permission (
    id integer NOT NULL,
    name character varying(255) NOT NULL,
    content_type_id integer NOT NULL,
    codename character varying(100) NOT NULL
);


ALTER TABLE public.auth_permission OWNER TO postgres;

--
-- TOC entry 219 (class 1259 OID 41582)
-- Name: auth_permission_id_seq; Type: SEQUENCE; Schema: public; Owner: postgres
--

ALTER TABLE public.auth_permission ALTER COLUMN id ADD GENERATED BY DEFAULT AS IDENTITY (
    SEQUENCE NAME public.auth_permission_id_seq
    START WITH 1
    INCREMENT BY 1
    NO MINVALUE
    NO MAXVALUE
    CACHE 1
);


--
-- TOC entry 246 (class 1259 OID 41796)
-- Name: django_admin_log; Type: TABLE; Schema: public; Owner: postgres
--

CREATE TABLE public.django_admin_log (
    id integer NOT NULL,
    action_time timestamp with time zone NOT NULL,
    object_id text,
    object_repr character varying(200) NOT NULL,
    action_flag smallint NOT NULL,
    change_message text NOT NULL,
    content_type_id integer,
    user_id bigint NOT NULL,
    CONSTRAINT django_admin_log_action_flag_check CHECK ((action_flag >= 0))
);


ALTER TABLE public.django_admin_log OWNER TO postgres;

--
-- TOC entry 245 (class 1259 OID 41795)
-- Name: django_admin_log_id_seq; Type: SEQUENCE; Schema: public; Owner: postgres
--

ALTER TABLE public.django_admin_log ALTER COLUMN id ADD GENERATED BY DEFAULT AS IDENTITY (
    SEQUENCE NAME public.django_admin_log_id_seq
    START WITH 1
    INCREMENT BY 1
    NO MINVALUE
    NO MAXVALUE
    CACHE 1
);


--
-- TOC entry 218 (class 1259 OID 41575)
-- Name: django_content_type; Type: TABLE; Schema: public; Owner: postgres
--

CREATE TABLE public.django_content_type (
    id integer NOT NULL,
    app_label character varying(100) NOT NULL,
    model character varying(100) NOT NULL
);


ALTER TABLE public.django_content_type OWNER TO postgres;

--
-- TOC entry 217 (class 1259 OID 41574)
-- Name: django_content_type_id_seq; Type: SEQUENCE; Schema: public; Owner: postgres
--

ALTER TABLE public.django_content_type ALTER COLUMN id ADD GENERATED BY DEFAULT AS IDENTITY (
    SEQUENCE NAME public.django_content_type_id_seq
    START WITH 1
    INCREMENT BY 1
    NO MINVALUE
    NO MAXVALUE
    CACHE 1
);


--
-- TOC entry 216 (class 1259 OID 41567)
-- Name: django_migrations; Type: TABLE; Schema: public; Owner: postgres
--

CREATE TABLE public.django_migrations (
    id bigint NOT NULL,
    app character varying(255) NOT NULL,
    name character varying(255) NOT NULL,
    applied timestamp with time zone NOT NULL
);


ALTER TABLE public.django_migrations OWNER TO postgres;

--
-- TOC entry 215 (class 1259 OID 41566)
-- Name: django_migrations_id_seq; Type: SEQUENCE; Schema: public; Owner: postgres
--

ALTER TABLE public.django_migrations ALTER COLUMN id ADD GENERATED BY DEFAULT AS IDENTITY (
    SEQUENCE NAME public.django_migrations_id_seq
    START WITH 1
    INCREMENT BY 1
    NO MINVALUE
    NO MAXVALUE
    CACHE 1
);


--
-- TOC entry 249 (class 1259 OID 41840)
-- Name: django_session; Type: TABLE; Schema: public; Owner: postgres
--

CREATE TABLE public.django_session (
    session_key character varying(40) NOT NULL,
    session_data text NOT NULL,
    expire_date timestamp with time zone NOT NULL
);


ALTER TABLE public.django_session OWNER TO postgres;

--
-- TOC entry 251 (class 1259 OID 41850)
-- Name: token_blacklist_blacklistedtoken; Type: TABLE; Schema: public; Owner: postgres
--

CREATE TABLE public.token_blacklist_blacklistedtoken (
    id bigint NOT NULL,
    blacklisted_at timestamp with time zone NOT NULL,
    token_id bigint NOT NULL
);


ALTER TABLE public.token_blacklist_blacklistedtoken OWNER TO postgres;

--
-- TOC entry 250 (class 1259 OID 41849)
-- Name: token_blacklist_blacklistedtoken_id_seq; Type: SEQUENCE; Schema: public; Owner: postgres
--

ALTER TABLE public.token_blacklist_blacklistedtoken ALTER COLUMN id ADD GENERATED BY DEFAULT AS IDENTITY (
    SEQUENCE NAME public.token_blacklist_blacklistedtoken_id_seq
    START WITH 1
    INCREMENT BY 1
    NO MINVALUE
    NO MAXVALUE
    CACHE 1
);


--
-- TOC entry 253 (class 1259 OID 41856)
-- Name: token_blacklist_outstandingtoken; Type: TABLE; Schema: public; Owner: postgres
--

CREATE TABLE public.token_blacklist_outstandingtoken (
    id bigint NOT NULL,
    token text NOT NULL,
    created_at timestamp with time zone,
    expires_at timestamp with time zone NOT NULL,
    user_id bigint,
    jti character varying(255) NOT NULL
);


ALTER TABLE public.token_blacklist_outstandingtoken OWNER TO postgres;

--
-- TOC entry 252 (class 1259 OID 41855)
-- Name: token_blacklist_outstandingtoken_id_seq; Type: SEQUENCE; Schema: public; Owner: postgres
--

ALTER TABLE public.token_blacklist_outstandingtoken ALTER COLUMN id ADD GENERATED BY DEFAULT AS IDENTITY (
    SEQUENCE NAME public.token_blacklist_outstandingtoken_id_seq
    START WITH 1
    INCREMENT BY 1
    NO MINVALUE
    NO MAXVALUE
    CACHE 1
);


--
-- TOC entry 5165 (class 0 OID 57716)
-- Dependencies: 277
-- Data for Name: api_accounting; Type: TABLE DATA; Schema: public; Owner: postgres
--

COPY public.api_accounting (id, quantity, status, device_id) FROM stdin;
8	0	закончился	8
9	6	в наличии	9
10	0	закончился	10
5	2	осталось мало	1
11	0	закончился	7
6	3	осталось мало	4
1	0	закончился	2
4	0	закончился	5
3	13	в наличии	3
7	29	в наличии	6
\.


--
-- TOC entry 5157 (class 0 OID 57667)
-- Dependencies: 269
-- Data for Name: api_attendance; Type: TABLE DATA; Schema: public; Owner: postgres
--

COPY public.api_attendance (id, month, count) FROM stdin;
1	Январь	79
2	Февраль	134
3	Март	156
4	Апрель	187
5	Май	234
6	Июнь	256
7	Июль	270
\.


--
-- TOC entry 5128 (class 0 OID 41685)
-- Dependencies: 240
-- Data for Name: api_basket; Type: TABLE DATA; Schema: public; Owner: postgres
--

COPY public.api_basket (id, user_id) FROM stdin;
1	1
3	3
4	4
5	5
6	6
7	7
8	8
9	9
10	10
\.


--
-- TOC entry 5136 (class 0 OID 41823)
-- Dependencies: 248
-- Data for Name: api_basketdevice; Type: TABLE DATA; Schema: public; Owner: postgres
--

COPY public.api_basketdevice (id, basket_id, device_id, quantity) FROM stdin;
172	5	2	1
173	5	3	1
174	5	5	1
\.


--
-- TOC entry 5114 (class 0 OID 41629)
-- Dependencies: 226
-- Data for Name: api_brand; Type: TABLE DATA; Schema: public; Owner: postgres
--

COPY public.api_brand (id, name, logo_brand) FROM stdin;
1	Sber	brand/sber-svgrepo-com_oqcG2aU.svg
2	Xiaomi	brand/xiaomi-svgrepo-com.svg
3	Gosund	brand/a8988c4b5b0b3470f415adf01e6f8a6e06feb05084ce50bf7a704596d778d0c2.jpg
4	Яндекс	brand/brand-yandex-svgrepo-com.svg
5	Aqara	brand/c1d73b54bad369a6e8099f25a7339ac6c722a0cddc87b3af1f046e7d629060f1.png
7	Sibling	brand/417ee6f0c8ed6fa9c73e4a2150def85d9a54408785a81bdf01b6457a529f0e84.png
6	MOES	brand/fb0dac5fce5d72e20bc545fa22a03a365f00abe38b10560d3a976d12c8938816.jpg
\.


--
-- TOC entry 5161 (class 0 OID 57686)
-- Dependencies: 273
-- Data for Name: api_characteristic; Type: TABLE DATA; Schema: public; Owner: postgres
--

COPY public.api_characteristic (id, name, type_id) FROM stdin;
1	Вид	1
2	Цвет	1
3	Функции	1
4	Количество гнёзд	1
5	Материал корпуса	1
6	Приложение для управления	1
7	Голосовой помощник	1
8	Протокол передачи данных	1
9	Управление	1
10	Максимальная мощность подключения	1
11	Максимальный ток нагрузки	1
12	Рабочая температура	1
13	Защита	1
14	Габариты	1
15	Вес	1
\.


--
-- TOC entry 5126 (class 0 OID 41677)
-- Dependencies: 238
-- Data for Name: api_comment; Type: TABLE DATA; Schema: public; Owner: postgres
--

COPY public.api_comment (id, comment_text, rating, user_id, device_id) FROM stdin;
1	топовый топ	4	3	2
2	Всё хорошо	5	1	2
3	Отличная розетка работает без глюков нормально соединяется с Алисой все функции выполняют очень доволен.Советую к использованию очень устойчивая розетка одна из самых недорогих и надёжных	3	8	2
4	Плохой товар	2	7	2
5	Хорошая розетка, простая настройка, но с доставкой задержались на 1 день.	4	9	5
6	Хочу самую дешёвую розетку, и я получил ееё на этом сайте.	4	1	5
\.


--
-- TOC entry 5149 (class 0 OID 49402)
-- Dependencies: 261
-- Data for Name: api_deliveryorder; Type: TABLE DATA; Schema: public; Owner: postgres
--

COPY public.api_deliveryorder (id, name_user, telephone, address, entrance, flat, comments, date_delivery, order_id) FROM stdin;
8	Дмитрий Владимрович Кривоногов	91957803658	Тюмень, Краснодонская улица, 21	3	3	Код от домофона 1111	2024-05-21 00:16:32+05	38
9	Кривоногов Дмитрий Владимрович	89195780365	Тюмень, улица Розы Люксембург, 12с8	1	32	Код 11112312	2024-05-21 00:17:36+05	39
12	Дмитрий Владимрович Кривоногов	89195780365	Тюмень, улица Чернышевского, 2Бк9	3	312	qqqqqqqqqq	2024-05-21 00:23:11+05	42
14	Дмитрий Владимрович Кривоногов	89195780365	Тюмень, Ипподромская улица, 7	1	32	Код от домофона 1111	2024-05-21 00:28:26+05	44
15	Дмитрий Владимрович Кривоногов	89195780365	Тюмень, улица Чернышевского	1	3	Код от домофона 1111	2024-05-21 00:29:58+05	45
16	Дмитрий Владимрович Кривоногов	89195780365	Тюмень, улица Мориса Тореза, 2	3	123	asaasdsadasd	2024-05-21 00:33:52+05	46
17	Ткаченко Марина Андреевна	89195780365	Тюмень, улица Коммуны, 87	1	23	Тест	2024-05-21 03:39:39+05	47
18	Дмитрий Владимрович Кривоногов	89195780365	Тюмень, Курганская улица, 30	1	22	йцу	2024-05-21 19:20:39+05	48
19	Дмитрий Владимрович Кривоногов	9195780365	Тюмень, Парковая улица, 18	1	2	aaaaa	2024-05-21 19:27:42+05	49
20	Дмитрий Владимрович Кривоногов	9195780365	Тюмень, улица Лунёва	1	123	1212312123	2024-05-22 00:10:32+05	50
21	Кривонгов Дмитрий Владимирович	89195780365	Тюмень, улица Крупской, 15	1	1	12123121	2024-05-22 00:20:57+05	51
24	Дмитрий Владимрович Кривоногов	89195780365	Тюмень, улица 8 Марта, 3	1	22	Код от домофона 1111	2024-05-27 15:23:22+05	54
7	Дмитрий Владимрович Кривоногов	9195780365	Тюмень, Мельзаводская улица, 63	1	23	Код от домофона 1111	2024-06-06 19:38:37+05	37
26	Марина Андреевна Ткаченко	891957803658	Тюмень, Центральный округ	1	12	Не звонить	2024-06-05 20:00:22+05	62
10	Дмитрий Владимрович Кривоногов	9195780365	Тюмень, улица Республики, 28А, подъезд 1	1	2	фуффффф	2024-06-06 20:08:20+05	40
23	Дмитрий Владимрович Кривоногов	89195780365	Тюмень, улица Герцена, 70	3	453	Код от домофона 1111	2024-06-06 05:10:36+05	53
22	Марина Андреевна Ткаченко	9195780365	Тюмень, Харьковская улица, 85А	1	902	не шуметь	2024-06-06 20:08:20+05	52
11	Дмитрий Владимрович Кривоногов	9195780365	Тюмень, улица Республики, 28А, подъезд 1	1	2	фуффффф	2024-06-27 23:00:39+05	41
28	Дмитрий Владимрович Кривоногов	9195780365	Тюмень, Гвардейская улица, 17	1	2	\N	2024-06-07 00:30:02+05	64
29	Дмитрий Владимрович Кривоногов	9195780365	Тюмень, Гвардейская улица, 17	1	2	\N	2024-06-07 00:30:02+05	65
13	Дмитрий Владимрович Кривоногов	89195780365	Тюмень, улица Челюскинцев	3	12	Код от домофона 1111	2024-06-30 06:24:57+05	43
30						\N	2024-06-30 06:24:57+05	82
31	Дмитрий Владимрович Кривоногов	89195780365	Тюмень, улица Орджоникидзе, 60/1	1	123	\N	2024-06-07 06:28:50+05	84
34	Дмитрий Владимрович Кривоногов	89195780365	Тюмень, Харьковская улица, 85А	1	902	Код от домофона #1111	2024-06-11 03:09:26+05	91
3	John Doe	1234567890	123 Main St	A	10	Leave at the door.	2024-05-30 21:07:31+05	21
4	John Doe	1234567890	123 Main St	A	10	Leave at the door.	2024-05-31 23:25:00+05	22
5	Дмитрий Владимрович Кривоногов	89195780365	Тюмень, Калининский округ	1	123	test	2024-05-31 23:25:00+05	35
33	Дмитрий Владимрович Кривоногов	89195780365	Тюмень, улица Тимирязева	3	456	\N	2024-06-09 22:45:28+05	90
6	Дмитрий Владимрович Кривоногов	9195780365	Тюмень, Мельзаводская улица, 63	1	23	Код от домофона 1111	2024-06-01 19:30:39+05	36
25	Марина Андреевна Ткаченко	89195780365	Тюмень, жилой комплекс Айвазовский Сити	1	2	Не звонить	2024-06-05 05:00:13+05	61
32	Иванов Иван Иванович	89195780365	Тюмень, Харьковская улица, 85А	1	22	Звонить можно только после 18:00. Код от домофона #1234.	2024-06-10 20:00:41+05	89
\.


--
-- TOC entry 5124 (class 0 OID 41667)
-- Dependencies: 236
-- Data for Name: api_device; Type: TABLE DATA; Schema: public; Owner: postgres
--

COPY public.api_device (id, name_device, price, image_device, info, brand_id, type_id, quantity) FROM stdin;
3	Умная розетка Gosund Smart plug 2 in1 socket	1199.00	device/d6e1d7d1770749512bddc229787693d7ee0988073e08d83fe767193089f6b919.jpg.webp	Умная розетка Gosund Smart plug 2 in1 socket – устройство с расширенным функционалом, которое может использоваться не только для подключения приборов к электросети, но и для дистанционного управления их работой. Особенностью этой модели является возможность ее установки за пределами помещения: она выдерживает эксплуатацию при температуре от -20°С до +45°С. При помощи умной розетки Gosund Smart plug 2 in1 socket можно запрограммировать время включения и выключения устройств в мобильном приложении Gosund. Наличие двух гнезд в конструкции модели позволит использовать ее для питания от одной розетки двух приборов.	3	1	1
5	Умная розетка Xiaomi Smart Plug 2 Wi-Fi	1499.00	device/5f8110da30e6198a04fe42b64bf95d6471f6ee3ea5fb3cbde40901ba19f4ca30.jpg.webp	Умная розетка с дистанционным управлением, контролем потребления энергии, таймером и защитой от перегрузки. Поставляется в небольшой коробке, с размерами 67 x 60 x 46 мм и весом 87 гр.	2	1	1
6	Умная розетка Яндекс YNDX-0007W	1499.00	device/5ef05822c83812889b306d96760a8e4c7665bb0961f744a1b79f879736d7150b.jpg.webp	Умная розетка Яндекс YNDX-0007W работает по системе «Умный дом» Яндекса. С ее помощью вы можете дистанционно управлять техникой: отдавать команды голосом или в мобильном приложении. Включать и отключать устройства по расписанию, настраивать сценарии работы лампочек, розеток и Яндекс Станции – все это может YNDX-0007W. Умную розетку Яндекс YNDX-0007W можно безопасно подключить даже на дачном участке, узнав напряжение и силу тока, а также отслеживать энергопотребление. Ей легко управлять и контролировать работу: когда она включена, индикатор на ней светится голубым. Модель YNDX-0007W выполнена в белом цвете, поэтому вписывается в большинство интерьеров.	4	1	1
7	Умная розетка Яндекс YNDX-00540BLK	1799.00	device/7f7a0ca5d7f8a6f5d8f7233ab233ab39728c10cc5fa042025a3796fe96c99fe0.jpg.webp	Умная розетка Яндекса с обновлённым дизайном сделает обычную домашнюю технику умной — и вы сможете управлять ей с помощью Алисы голосом через Яндекс Станцию или приложение “Дом с Алисой”. Работает на универсальном протоколе связи Matter™ — легко подключается к умному дому, а настроенные сценарии с розеткой могут работать, даже если отключится интернет . Лаконичная и компактная, подходит к большинству розеток и удлинителей. Создавайте удобные сценарии и расписания. Проверяйте статус умной розетки удалённо через приложение и, если нужно, отключайте её⁴. Получайте сообщения, когда состояние розетки меняется, — и вы будете в курсе, если что-то пойдёт не так. Проверяйте в приложении, сколько энергии расходуют приборы, подключенные к розетке. Для подключения к умному дому вам нужны Wi-Fi, приложение Дом с Алисой и одна из совместимых Яндекс Станций или другое устройство с хабом, поддерживающим протокол Matter™.	4	1	1
8	Умная розетка Яндекс YNDX-00540WHT	1799.00	device/d708d65996abdf55e89306ee8dede90517df1f2c3e6e44149dd42891d1d55a5b.jpg.webp	Умная розетка Яндекса с обновлённым дизайном сделает обычную домашнюю технику умной — и вы сможете управлять ей с помощью Алисы голосом через Яндекс Станцию или приложение “Дом с Алисой”. Работает на универсальном протоколе связи Matter™ — легко подключается к умному дому, а настроенные сценарии с розеткой могут работать, даже если отключится интернет . Лаконичная и компактная, подходит к большинству розеток и удлинителей. Создавайте удобные сценарии и расписания. Проверяйте статус умной розетки удалённо через приложение и, если нужно, отключайте её⁴. Получайте сообщения, когда состояние розетки меняется, — и вы будете в курсе, если что-то пойдёт не так. Проверяйте в приложении, сколько энергии расходуют приборы, подключенные к розетке. Для подключения к умному дому вам нужны Wi-Fi, приложение Дом с Алисой и одна из совместимых Яндекс Станций или другое устройство с хабом, поддерживающим протокол Matter™.	4	1	1
9	Умная розетка Sber SBDV-00123	1299.00	device/1f4527b7b7db11048a77e5a3262aeedaac1ed0640490fac7f978677cbeed919b.jpg.webp	Умная розетка Sber SBDV-00123 – функциональная модель с круглой формой корпуса и размерами 45x70 мм, которая не будет загораживать соседние розетки и позволит с комфортом пользоваться ими. С помощью этого устройства можно подключить к энергосети прибор и удаленно контролировать его работу посредством мобильного приложения Сбер Салют. Оно поддерживает установку сценариев функционирования техники в зависимости от дня недели и времени суток. Мобильное приложение также предоставит пользователю информацию о текущем напряжении в электросети и энергопотреблении прибора. Умная розетка Sber SBDV-00123 имеет защитные шторки, которые не дадут маленьким детям засунуть в устройство тонкие предметы и уберегут их от поражения током. Кнопка блокировки не даст ребенку включить или выключить подключенный прибор. Дополнительное удобство при управлении розеткой дарит голосовой помощник Салют, при помощи которого можно регулировать ее работу.	1	1	1
10	Терморегулятор Sibling Powerswitch-ZK	3199.00	device/f1552948d0310c819bb6b10757603481c0a0ebfc0b79c8b8efb818ebbe5a03d6.jpg.webp	Датчик температуры Sibling Powerswitch-ZK легко устанавливается на батарею для управления штоком заслонки. Устройство постоянно отслеживает температуру в доме, уменьшая или усиливая мощность радиатора. Вы всегда будете наслаждаться комфортным микроклиматом, не прилагая усилий. Умную термоголовку Sibling Powerswitch-ZK можно интегрировать с работой умного дома по технологии связи ZigBee. Управлять настройками и отслеживать сообщения удобно через фирменное приложение и голосовой помощник. Датчик работает от двух пальчиковых батареек, гарантируя точность измерений при температуре от 0°C до +40°C.	7	3	1
2	Умная розетка Gosund Smart plug 2 USB outlet	1051.00	device/8e3b50d19a8ad7617014a794ffe640b699da778a0440d5bb147fbd9ea1ba086d.jpg.webp	Умная розетка Gosund Smart Plug 2 USB Outlet обеспечит удаленное включение и выключение подключенной техники, позволит контролировать потребляемую электроэнергию и запрограммировать ее работу по таймеру. Все это можно сделать через мобильное приложение Gosund. Еще больше комфорта при управлении умной розеткой Gosund Smart Plug 2 USB Outlet обеспечивает поддержка голосовых помощников Алисы, Alexa и Google Ассистента. В конструкции модели присутствуют два порта USB, которые позволят подзаряжать от него мобильную технику.	3	1	1
1	Умная розетка Gosund SP111	801.00	device/8fe4870de25f81755a59364403453150b8593981122a6cd104e93428f0eeeaa5.jpg.webp	Умная розетка Gosund SP111 устанавливается в стандартную розетку 230 В, превращая обычные устройства в умные. Максимальная нагрузка на розетку составляет 3.45 кВт. Для связи с главным блоком модель использует Wi-Fi. Для дистанционного управления Gosund SP111 на смартфон устанавливается приложение Gosund. Также есть поддержка голосовых помощников Alexa, Google Ассистент и Алиса. По команде устройство включит или отключит бытовую технику. В приложении можно увидеть состояние розетки: электропотребление прибора, подключенного к ней, наличие подачи электропитания. Также можно задать график включения и отключения устройств по таймеру.	3	1	1
4	Умная розетка Xiaomi Mi Smart Plug	1399.00	device/547ed6ba3797cc58b7184e470986e2e330f68f8b7160df146e813e39dd522fcb.jpg.webp	Умная розетка Xiaomi Mi Smart Plug изготовлена из белого термопластика и выглядит вполне традиционно. Однако при этом она скрывает в себе достаточно неожиданные для такого типа приборов возможности. Например, она позволяет управлять работой разных электроприборов по таймеру или по заранее заданному сценарию. Это удобно – даже находясь вне дома, вы сможете задавать определенные параметры функционирования своей мультиварке или водонагревателю, и даже электрическому обогревательному котлу. Регулировать этот процесс можно со смартфона с предустановленными приложением, если предварительно интегрировать умную розетку Xiaomi Mi Smart Plug с Wi-Fi. Максимальная мощность подключенных приборов для модели составляет 3.68 кВт, а максимальный показатель тока нагрузки – 16 А. Для установки и начала использования умного устройства достаточно вставить его в обычную евророзетку.	2	1	1
\.


--
-- TOC entry 5163 (class 0 OID 57692)
-- Dependencies: 275
-- Data for Name: api_devicecharacteristic; Type: TABLE DATA; Schema: public; Owner: postgres
--

COPY public.api_devicecharacteristic (id, value, characteristic_id, device_id) FROM stdin;
21	наружная	1	2
22	белый	2	2
23	включение и отключение по таймеру, мониторинг энергопотребления	3	2
24	1 шт	4	2
25	поликарбонат	5	2
26	Gosund	6	2
27	Alexa, Google Ассистент, Алиса	7	2
28	Wi-Fi	8	2
29	со смартфона	9	2
30	3.68 кВт	10	2
31	16 А	11	2
32	от -20°С до +45°С	12	2
33	70 х 70 х 88 мм	14	2
34	130 г	15	2
\.


--
-- TOC entry 5147 (class 0 OID 49396)
-- Dependencies: 259
-- Data for Name: api_order; Type: TABLE DATA; Schema: public; Owner: postgres
--

COPY public.api_order (id, date_order, payment_method, total_amount, number_order, user_id, status_id, type_order_id) FROM stdin;
85	2024-06-08 00:27:57+05	Наличные	1050.00	0000000031	1	2	2
86	2024-06-08 00:28:57+05	Наличные	3150.00	0000000032	1	2	2
87	2024-06-08 00:42:54+05	Наличные	1050.00	0000000033	1	2	2
88	2024-06-08 01:19:12+05	Наличные	9450.00	0000000034	1	2	2
90	2024-06-09 22:47:19+05	Наличные	1051.00	0000000036	1	2	1
91	2024-06-11 03:09:58+05	Наличные	7495.00	0000000037	1	2	1
84	2024-06-07 06:29:04+05	Наличные	11245.00	0000000030	1	7	1
89	2024-06-09 16:42:51+05	Наличные	22285.00	0000000035	9	4	1
92	2024-06-16 05:02:24+05	Наличные	3897.00	0000000038	1	2	2
44	2024-05-21 00:28:39+05	Наличные	4547.00	0000000012	1	1	1
45	2024-05-21 00:30:24+05	Наличные	8145.00	0000000013	1	1	1
48	2024-05-21 19:20:52+05	Наличные	5946.00	0000000016	1	1	1
49	2024-05-21 19:27:53+05	Наличные	3748.00	0000000017	1	1	1
50	2024-05-22 00:10:41+05	Наличные	26980.00	0000000018	1	1	1
51	2024-05-22 00:21:22+05	Наличные	16141.00	0000000019	1	1	1
53	2024-05-23 20:44:02+05	Наличные	13044.00	0000000021	1	4	1
21	2023-05-16 17:00:00+05	Credit Card	150.00	0000000001	1	4	1
22	2023-05-16 17:00:00+05	Credit Card	150.00	0000000002	1	7	1
36	2024-05-19 18:24:34+05	Наличные	6346.00	0000000004	1	7	1
37	2024-05-19 19:02:18+05	Наличные	6346.00	0000000005	1	3	1
62	2024-06-05 05:06:09+05	Наличные	12990.00	0000000024	3	3	1
61	2024-06-05 05:00:32+05	Наличные	5548.00	0000000023	1	1	1
46	2024-05-21 00:34:16+05	Наличные	3748.00	0000000014	4	1	1
47	2024-05-21 03:40:19+05	Наличные	3748.00	0000000015	4	7	1
38	2024-05-21 00:16:49+05	Наличные	6346.00	0000000006	1	7	1
39	2024-05-21 00:18:14+05	Наличные	6346.00	0000000007	1	7	1
42	2024-05-21 00:23:30+05	Наличные	4197.00	0000000010	1	7	1
40	2024-05-21 00:21:56+05	Наличные	12342.00	0000000008	1	7	1
52	2024-05-22 02:33:51+05	Наличные	50618.00	0000000020	1	7	1
41	2024-05-21 00:21:56+05	Наличные	12342.00	0000000009	1	4	1
83	2024-06-07 05:34:16+05	Наличные	4498.00	0000000029	1	1	2
54	2024-05-27 15:23:37+05	Наличные	2249.00	0000000022	1	1	1
65	2024-06-07 00:30:10+05	Наличные	8747.00	0000000027	1	1	1
35	2024-05-18 22:06:47+05	Наличные	6346.00	0000000003	1	1	1
64	2024-06-07 00:30:10+05	Наличные	8747.00	0000000026	1	1	1
43	2024-05-21 00:25:06+05	Наличные	3497.00	0000000011	1	7	1
82	2024-06-07 05:34:16+05	Наличные	4498.00	0000000028	1	7	2
\.


--
-- TOC entry 5151 (class 0 OID 49412)
-- Dependencies: 263
-- Data for Name: api_orderdevice; Type: TABLE DATA; Schema: public; Owner: postgres
--

COPY public.api_orderdevice (id, device_id, order_id, quantity) FROM stdin;
14	1	21	1
15	2	21	1
16	1	22	1
17	2	22	1
18	2	35	1
19	3	35	1
20	5	35	1
21	1	35	1
22	8	35	1
23	2	36	1
24	3	36	1
25	5	36	1
26	1	36	1
27	8	36	1
28	2	37	1
29	3	37	1
30	5	37	1
31	1	37	1
32	8	37	1
33	2	38	1
34	3	38	1
35	5	38	1
36	1	38	1
37	8	38	1
38	2	39	1
39	3	39	1
40	5	39	1
41	1	39	1
42	8	39	1
43	2	40	1
44	3	40	1
45	5	40	1
46	1	40	1
47	4	40	1
48	6	40	1
49	7	40	1
50	8	40	1
51	9	40	1
52	2	41	1
53	3	41	1
54	5	41	1
55	1	41	1
56	4	41	1
57	6	41	1
58	7	41	1
59	8	41	1
60	9	41	1
61	3	42	1
62	5	42	1
63	6	42	1
64	3	43	1
65	5	43	1
66	1	43	1
67	2	44	1
68	3	44	1
69	5	44	1
70	1	44	1
71	2	45	1
72	3	45	1
73	5	45	1
74	1	45	1
75	8	45	1
76	7	45	1
77	2	46	1
78	3	46	1
79	5	46	1
80	2	47	1
81	3	47	1
82	5	47	1
83	2	48	1
84	3	48	1
85	5	48	1
86	1	48	1
87	4	48	1
88	2	49	1
89	3	49	1
90	5	49	1
91	3	50	1
92	5	50	1
93	2	51	5
94	3	51	4
95	5	51	3
96	1	51	2
97	7	52	10
98	8	52	10
99	1	52	5
100	5	52	4
101	3	52	3
102	2	52	1
103	2	53	5
104	3	53	4
105	5	53	2
106	2	54	1
107	3	54	1
108	2	61	3
109	3	61	2
110	3	62	4
111	5	62	2
112	9	62	4
116	2	64	3
117	3	64	2
118	10	64	1
119	2	65	3
120	3	65	2
121	10	65	1
142	2	82	2
143	3	82	2
144	2	83	2
145	3	83	2
146	2	84	5
147	3	84	5
148	2	85	1
149	2	86	3
150	2	87	1
151	2	88	9
152	3	89	5
153	4	89	2
154	6	89	3
155	7	89	5
156	2	90	1
157	5	91	5
158	3	92	2
159	6	92	1
\.


--
-- TOC entry 5153 (class 0 OID 49418)
-- Dependencies: 265
-- Data for Name: api_pickuporder; Type: TABLE DATA; Schema: public; Owner: postgres
--

COPY public.api_pickuporder (id, name_user, telephone, date_pickup, order_id) FROM stdin;
1	Дмитрий Владимрович Кривоногов	89195780365	2024-06-07 05:34:07+05	82
2	Дмитрий Владимрович Кривоногов	89195780365	2024-06-30 18:58:38+05	83
3	Дмитрий Владимрович Кривоногов	89195780365	2024-06-08 00:27:43+05	85
4	Дмитрий Владимрович Кривоногов	89195780365	2024-06-08 00:28:49+05	86
5	Дмитрий Владимрович Кривоногов	89195780365	2024-06-08 00:42:46+05	87
6	Дмитрий Владимрович Кривоногов	89195780365	2024-06-08 01:19:04+05	88
7	Дмитрий Владимрович Кривоногов	89195780365	2024-06-16 05:00:36+05	92
\.


--
-- TOC entry 5130 (class 0 OID 41693)
-- Dependencies: 242
-- Data for Name: api_profile; Type: TABLE DATA; Schema: public; Owner: postgres
--

COPY public.api_profile (id, first_name, surname, patronymic, phone_number, image, user_id) FROM stdin;
4					user/default_user.svg	4
5					user/default_user.svg	5
6					user/default_user.svg	6
3	Тест	Тестовый	Тестович		user/s1200-30-1.jpg	3
7					user/default_user.svg	7
8					user/default_user.svg	8
9	Иван	Иванов	Иванович	8 (919) 578-03-65	user/main_807941_original.jpg	9
10					user/default_user.svg	10
1	Дмитрий	Кривоногов	Владимрович	8 (919) 578-03-66	user/1675321280_gas-kvas-com-p-mops-risunok-art-14.jpg	1
\.


--
-- TOC entry 5132 (class 0 OID 41703)
-- Dependencies: 244
-- Data for Name: api_rating; Type: TABLE DATA; Schema: public; Owner: postgres
--

COPY public.api_rating (id, mean_rating, count_feedbacks, device_id_id) FROM stdin;
1	0.00	0	1
3	0.00	0	3
4	0.00	0	4
6	0.00	0	6
7	0.00	0	7
8	0.00	0	8
9	0.00	0	9
2	3.50	4	2
10	0.00	0	10
5	4.00	2	5
\.


--
-- TOC entry 5143 (class 0 OID 49384)
-- Dependencies: 255
-- Data for Name: api_status; Type: TABLE DATA; Schema: public; Owner: postgres
--

COPY public.api_status (id, description) FROM stdin;
1	Оплачен
2	Не оплачен
3	Доставлен
4	Доставляется
5	Отменён
6	Возврат
7	Сборка
\.


--
-- TOC entry 5116 (class 0 OID 41637)
-- Dependencies: 228
-- Data for Name: api_type; Type: TABLE DATA; Schema: public; Owner: postgres
--

COPY public.api_type (id, name, image) FROM stdin;
1	Розетки	type/default_type.svg
2	Выключатели	type/default_type.svg
3	Термостаты	type/default_type.svg
4	Камеры	type/default_type.svg
\.


--
-- TOC entry 5145 (class 0 OID 49390)
-- Dependencies: 257
-- Data for Name: api_typeorder; Type: TABLE DATA; Schema: public; Owner: postgres
--

COPY public.api_typeorder (id, type_name) FROM stdin;
1	Доставка
2	Самовывоз
\.


--
-- TOC entry 5118 (class 0 OID 41645)
-- Dependencies: 230
-- Data for Name: api_user; Type: TABLE DATA; Schema: public; Owner: postgres
--

COPY public.api_user (id, password, last_login, is_superuser, first_name, last_name, is_staff, is_active, date_joined, username, email, role) FROM stdin;
3	pbkdf2_sha256$720000$oO6iSD0dBShy7P3HZa8MeJ$1WKBAtQ0PMpKCI0shnlzMUgcNLm70mTBQZ58qxZlenw=	\N	f			f	t	2024-05-16 20:14:04.868706+05	user	user@mail.ru	USER
4	pbkdf2_sha256$720000$GluCNGu71PQfMbvWzj50H6$sdCqWmGGCM5j8uAzN3W5yaMyUwYCo7KFozWdp7Iokok=	\N	f			f	t	2024-05-16 20:15:38.881944+05	user1	user1@mail.ru	USER
5	pbkdf2_sha256$720000$Bful127dnWXilcIcK62VVz$J3sWGxSoPgal8cFBYc7ZKUUwfLUIdNuYZYPYXhzmv+g=	\N	f			f	t	2024-05-17 15:41:12.008523+05	user2	user2@mail.ru	USER
6	pbkdf2_sha256$720000$kNcjCp1pn6oFjVacOG9riW$m3cHUZx2L79Uxz4EgeWgHX6D9JVRbSiU3B2kFkIy/hQ=	\N	f			f	t	2024-06-04 23:36:08.789675+05	mARINA	marina@mail.ru	USER
7	pbkdf2_sha256$720000$fenbYOVa1MW6ZbsGQ1JEjP$ZcQPHj0EO8fAY8djEYfZqyOOzAsJnlYMM5q+l7Vx5b0=	\N	f			f	t	2024-06-05 12:49:26.221789+05	test1	test1@mail.ru	USER
8	pbkdf2_sha256$720000$KWaSbvsiS743BiOT5pHx92$EajlKsK32ZiEoyLS8PyHPAqQnsI+sw4XAllt9MPSdMY=	\N	f			f	t	2024-06-05 12:49:59.976191+05	test	test@mail.ru	USER
9	pbkdf2_sha256$720000$llnkXZKoB5vVNh6fuavYf5$GkYmQXFp7uOauwLoVBya52TdnbmYFbKzOoxVnca0kcE=	\N	f			f	t	2024-06-09 11:17:39.871502+05	biocement	biochemisttinkls@gmail.com	USER
10	pbkdf2_sha256$720000$6wMXoi3QIuCzEXfSo90GA6$oUMyBjWbjpg+SlJ77/QsfJTE9FeSn6GnhXfJU8VLyiU=	\N	f			f	t	2024-06-10 10:23:54.495645+05	' OR '1'='1	flyonch@yandex.ru	USER
1	pbkdf2_sha256$720000$fBtrbvzHqs2LZrgcvCDAv1$iAMLqVVGa9LcRJ+MEk8lDV9YOJ4prxa9sdt1JcsTpoM=	2024-06-16 14:47:46.1416+05	t			t	t	2024-05-11 15:22:03+05	admin	admin@mail.ru	ADMIN
\.


--
-- TOC entry 5120 (class 0 OID 41655)
-- Dependencies: 232
-- Data for Name: api_user_groups; Type: TABLE DATA; Schema: public; Owner: postgres
--

COPY public.api_user_groups (id, user_id, group_id) FROM stdin;
\.


--
-- TOC entry 5122 (class 0 OID 41661)
-- Dependencies: 234
-- Data for Name: api_user_user_permissions; Type: TABLE DATA; Schema: public; Owner: postgres
--

COPY public.api_user_user_permissions (id, user_id, permission_id) FROM stdin;
\.


--
-- TOC entry 5159 (class 0 OID 57674)
-- Dependencies: 271
-- Data for Name: api_userlogin; Type: TABLE DATA; Schema: public; Owner: postgres
--

COPY public.api_userlogin (id, login_time, user_id) FROM stdin;
1	2024-06-07 16:53:37.014521+05	1
2	2024-06-07 17:58:32.458996+05	1
3	2024-06-07 18:20:28.383971+05	1
4	2024-06-07 20:12:37.711333+05	1
5	2024-06-07 20:13:24.49022+05	1
6	2024-06-07 20:15:21.177929+05	1
7	2024-06-08 14:51:15.686729+05	1
8	2024-06-08 22:13:36.902624+05	1
9	2024-06-09 00:02:25.552443+05	1
10	2024-06-09 11:17:47.720264+05	9
11	2024-06-09 11:37:16.903561+05	9
12	2024-06-09 11:37:26.985748+05	9
13	2024-06-09 11:38:03.16464+05	9
14	2024-06-09 11:38:09.9844+05	9
15	2024-06-09 11:39:53.738347+05	9
16	2024-06-09 11:40:55.47844+05	9
17	2024-06-09 11:44:37.21418+05	1
18	2024-06-09 11:50:12.972272+05	9
19	2024-06-09 12:09:18.695873+05	1
20	2024-06-09 15:44:48.958719+05	1
21	2024-06-10 18:29:55.332442+05	1
22	2024-06-10 20:29:11.394952+05	1
23	2024-06-11 14:44:50.342389+05	1
24	2024-06-12 02:01:40.988261+05	1
25	2024-06-12 15:47:00.585126+05	1
26	2024-06-13 11:47:15.037536+05	1
27	2024-06-15 23:48:38.986175+05	1
28	2024-06-16 14:45:12.212435+05	1
29	2024-06-16 14:47:46.140098+05	1
\.


--
-- TOC entry 5155 (class 0 OID 49477)
-- Dependencies: 267
-- Data for Name: api_wallet; Type: TABLE DATA; Schema: public; Owner: postgres
--

COPY public.api_wallet (id, balance, user_id) FROM stdin;
3	0.00	4
4	0.00	5
5	0.00	6
2	2010.00	3
6	0.00	7
7	0.00	8
8	715.00	9
9	0.00	10
1	2799196.00	1
\.


--
-- TOC entry 5110 (class 0 OID 41589)
-- Dependencies: 222
-- Data for Name: auth_group; Type: TABLE DATA; Schema: public; Owner: postgres
--

COPY public.auth_group (id, name) FROM stdin;
\.


--
-- TOC entry 5112 (class 0 OID 41597)
-- Dependencies: 224
-- Data for Name: auth_group_permissions; Type: TABLE DATA; Schema: public; Owner: postgres
--

COPY public.auth_group_permissions (id, group_id, permission_id) FROM stdin;
\.


--
-- TOC entry 5108 (class 0 OID 41583)
-- Dependencies: 220
-- Data for Name: auth_permission; Type: TABLE DATA; Schema: public; Owner: postgres
--

COPY public.auth_permission (id, name, content_type_id, codename) FROM stdin;
1	Can add log entry	1	add_logentry
2	Can change log entry	1	change_logentry
3	Can delete log entry	1	delete_logentry
4	Can view log entry	1	view_logentry
5	Can add permission	2	add_permission
6	Can change permission	2	change_permission
7	Can delete permission	2	delete_permission
8	Can view permission	2	view_permission
9	Can add group	3	add_group
10	Can change group	3	change_group
11	Can delete group	3	delete_group
12	Can view group	3	view_group
13	Can add content type	4	add_contenttype
14	Can change content type	4	change_contenttype
15	Can delete content type	4	delete_contenttype
16	Can view content type	4	view_contenttype
17	Can add session	5	add_session
18	Can change session	5	change_session
19	Can delete session	5	delete_session
20	Can view session	5	view_session
21	Can add brand	6	add_brand
22	Can change brand	6	change_brand
23	Can delete brand	6	delete_brand
24	Can view brand	6	view_brand
25	Can add type	7	add_type
26	Can change type	7	change_type
27	Can delete type	7	delete_type
28	Can view type	7	view_type
29	Can add user	8	add_user
30	Can change user	8	change_user
31	Can delete user	8	delete_user
32	Can view user	8	view_user
33	Can add device	9	add_device
34	Can change device	9	change_device
35	Can delete device	9	delete_device
36	Can view device	9	view_device
37	Can add comment	10	add_comment
38	Can change comment	10	change_comment
39	Can delete comment	10	delete_comment
40	Can view comment	10	view_comment
41	Can add basket	11	add_basket
42	Can change basket	11	change_basket
43	Can delete basket	11	delete_basket
44	Can view basket	11	view_basket
45	Can add profile	12	add_profile
46	Can change profile	12	change_profile
47	Can delete profile	12	delete_profile
48	Can view profile	12	view_profile
49	Can add rating	13	add_rating
50	Can change rating	13	change_rating
51	Can delete rating	13	delete_rating
52	Can view rating	13	view_rating
53	Can add basket device	14	add_basketdevice
54	Can change basket device	14	change_basketdevice
55	Can delete basket device	14	delete_basketdevice
56	Can view basket device	14	view_basketdevice
57	Can add blacklisted token	15	add_blacklistedtoken
58	Can change blacklisted token	15	change_blacklistedtoken
59	Can delete blacklisted token	15	delete_blacklistedtoken
60	Can view blacklisted token	15	view_blacklistedtoken
61	Can add outstanding token	16	add_outstandingtoken
62	Can change outstanding token	16	change_outstandingtoken
63	Can delete outstanding token	16	delete_outstandingtoken
64	Can view outstanding token	16	view_outstandingtoken
65	Can add type order	17	add_typeorder
66	Can change type order	17	change_typeorder
67	Can delete type order	17	delete_typeorder
68	Can view type order	17	view_typeorder
69	Can add delivery order	18	add_deliveryorder
70	Can change delivery order	18	change_deliveryorder
71	Can delete delivery order	18	delete_deliveryorder
72	Can view delivery order	18	view_deliveryorder
73	Can add pickup order	19	add_pickuporder
74	Can change pickup order	19	change_pickuporder
75	Can delete pickup order	19	delete_pickuporder
76	Can view pickup order	19	view_pickuporder
77	Can add status	20	add_status
78	Can change status	20	change_status
79	Can delete status	20	delete_status
80	Can view status	20	view_status
81	Can add order device	21	add_orderdevice
82	Can change order device	21	change_orderdevice
83	Can delete order device	21	delete_orderdevice
84	Can view order device	21	view_orderdevice
85	Can add order	22	add_order
86	Can change order	22	change_order
87	Can delete order	22	delete_order
88	Can view order	22	view_order
89	Can add wallet	23	add_wallet
90	Can change wallet	23	change_wallet
91	Can delete wallet	23	delete_wallet
92	Can view wallet	23	view_wallet
93	Can add attendance	24	add_attendance
94	Can change attendance	24	change_attendance
95	Can delete attendance	24	delete_attendance
96	Can view attendance	24	view_attendance
97	Can add user login	25	add_userlogin
98	Can change user login	25	change_userlogin
99	Can delete user login	25	delete_userlogin
100	Can view user login	25	view_userlogin
101	Can add device characteristic	26	add_devicecharacteristic
102	Can change device characteristic	26	change_devicecharacteristic
103	Can delete device characteristic	26	delete_devicecharacteristic
104	Can view device characteristic	26	view_devicecharacteristic
105	Can add characteristic	27	add_characteristic
106	Can change characteristic	27	change_characteristic
107	Can delete characteristic	27	delete_characteristic
108	Can view characteristic	27	view_characteristic
109	Can add accounting	28	add_accounting
110	Can change accounting	28	change_accounting
111	Can delete accounting	28	delete_accounting
112	Can view accounting	28	view_accounting
\.


--
-- TOC entry 5134 (class 0 OID 41796)
-- Dependencies: 246
-- Data for Name: django_admin_log; Type: TABLE DATA; Schema: public; Owner: postgres
--

COPY public.django_admin_log (id, action_time, object_id, object_repr, action_flag, change_message, content_type_id, user_id) FROM stdin;
1	2024-05-18 13:31:57.931859+05	1	admin	2	[{"changed": {"fields": ["Role"]}}]	8	1
\.


--
-- TOC entry 5106 (class 0 OID 41575)
-- Dependencies: 218
-- Data for Name: django_content_type; Type: TABLE DATA; Schema: public; Owner: postgres
--

COPY public.django_content_type (id, app_label, model) FROM stdin;
1	admin	logentry
2	auth	permission
3	auth	group
4	contenttypes	contenttype
5	sessions	session
6	api	brand
7	api	type
8	api	user
9	api	device
10	api	comment
11	api	basket
12	api	profile
13	api	rating
14	api	basketdevice
15	token_blacklist	blacklistedtoken
16	token_blacklist	outstandingtoken
17	api	typeorder
18	api	deliveryorder
19	api	pickuporder
20	api	status
21	api	orderdevice
22	api	order
23	api	wallet
24	api	attendance
25	api	userlogin
26	api	devicecharacteristic
27	api	characteristic
28	api	accounting
\.


--
-- TOC entry 5104 (class 0 OID 41567)
-- Dependencies: 216
-- Data for Name: django_migrations; Type: TABLE DATA; Schema: public; Owner: postgres
--

COPY public.django_migrations (id, app, name, applied) FROM stdin;
1	contenttypes	0001_initial	2024-05-11 15:20:42.969722+05
2	contenttypes	0002_remove_content_type_name	2024-05-11 15:20:42.975712+05
3	auth	0001_initial	2024-05-11 15:20:43.012549+05
4	auth	0002_alter_permission_name_max_length	2024-05-11 15:20:43.017547+05
5	auth	0003_alter_user_email_max_length	2024-05-11 15:20:43.022557+05
6	auth	0004_alter_user_username_opts	2024-05-11 15:20:43.027554+05
7	auth	0005_alter_user_last_login_null	2024-05-11 15:20:43.03126+05
8	auth	0006_require_contenttypes_0002	2024-05-11 15:20:43.032883+05
9	auth	0007_alter_validators_add_error_messages	2024-05-11 15:20:43.036894+05
10	auth	0008_alter_user_username_max_length	2024-05-11 15:20:43.041745+05
11	auth	0009_alter_user_last_name_max_length	2024-05-11 15:20:43.046195+05
12	auth	0010_alter_group_name_max_length	2024-05-11 15:20:43.053181+05
13	auth	0011_update_proxy_permissions	2024-05-11 15:20:43.057192+05
14	auth	0012_alter_user_first_name_max_length	2024-05-11 15:20:43.06019+05
15	api	0001_initial	2024-05-11 15:20:43.207904+05
16	admin	0001_initial	2024-05-11 15:20:43.22982+05
17	admin	0002_logentry_remove_auto_add	2024-05-11 15:20:43.237804+05
18	admin	0003_logentry_add_action_flag_choices	2024-05-11 15:20:43.246798+05
19	api	0002_alter_profile_phone_number	2024-05-11 15:20:43.264328+05
20	api	0003_alter_brand_logo_brand	2024-05-11 15:20:43.269761+05
21	api	0004_alter_device_rating_device	2024-05-11 15:20:43.289761+05
22	api	0005_remove_device_rating_device	2024-05-11 15:20:43.30374+05
23	api	0006_device_quantity	2024-05-11 15:20:43.311863+05
24	api	0007_remove_basket_device_basketdevice	2024-05-11 15:20:43.349842+05
25	sessions	0001_initial	2024-05-11 15:20:43.359471+05
26	token_blacklist	0001_initial	2024-05-11 15:20:43.398449+05
27	token_blacklist	0002_outstandingtoken_jti_hex	2024-05-11 15:20:43.407457+05
28	token_blacklist	0003_auto_20171017_2007	2024-05-11 15:20:43.422435+05
29	token_blacklist	0004_auto_20171017_2013	2024-05-11 15:20:43.435427+05
30	token_blacklist	0005_remove_outstandingtoken_jti	2024-05-11 15:20:43.447421+05
31	token_blacklist	0006_auto_20171017_2113	2024-05-11 15:20:43.458415+05
32	token_blacklist	0007_auto_20171017_2214	2024-05-11 15:20:43.485139+05
33	token_blacklist	0008_migrate_to_bigautofield	2024-05-11 15:20:43.531981+05
34	token_blacklist	0010_fix_migrate_to_bigautofield	2024-05-11 15:20:43.555023+05
35	token_blacklist	0011_linearizes_history	2024-05-11 15:20:43.557022+05
36	token_blacklist	0012_alter_outstandingtoken_user	2024-05-11 15:20:43.568028+05
37	api	0008_alter_basketdevice_basket	2024-05-11 16:21:12.006097+05
38	api	0009_alter_basketdevice_basket_alter_basketdevice_device	2024-05-11 16:22:48.021226+05
39	api	0010_status_typeorder_order_deliveryorder_orderdevice_and_more	2024-05-14 20:48:35.356878+05
40	api	0011_alter_basketdevice_device_alter_deliveryorder_order_and_more	2024-05-17 13:29:51.278937+05
41	api	0012_basketdevice_quantity	2024-05-21 14:41:40.328392+05
42	api	0013_orderdevice_quantity	2024-05-21 19:17:30.246626+05
43	api	0014_wallet	2024-05-22 18:06:18.466637+05
44	api	0015_alter_profile_image_alter_profile_phone_number_and_more	2024-06-01 17:57:09.195998+05
45	api	0016_attendance	2024-06-04 16:40:00.258808+05
46	api	0017_type_image	2024-06-04 17:35:40.123421+05
47	api	0018_alter_type_image	2024-06-04 17:36:34.282954+05
48	api	0019_alter_type_image	2024-06-04 17:36:34.286952+05
49	api	0020_alter_deliveryorder_date_delivery_userlogin	2024-06-05 14:27:52.755622+05
50	api	0021_characteristic_devicecharacteristic	2024-06-05 19:32:06.290614+05
51	api	0022_alter_deliveryorder_comments	2024-06-06 19:17:08.051016+05
52	api	0023_alter_deliveryorder_comments	2024-06-06 19:29:56.773076+05
53	api	0024_alter_pickuporder_date_pickup	2024-06-06 19:46:00.463296+05
54	api	0025_alter_pickuporder_order_accounting	2024-06-07 16:36:53.016758+05
\.


--
-- TOC entry 5137 (class 0 OID 41840)
-- Dependencies: 249
-- Data for Name: django_session; Type: TABLE DATA; Schema: public; Owner: postgres
--

COPY public.django_session (session_key, session_data, expire_date) FROM stdin;
dffekvyf7p7o9dwznuto6vps3kc1sp33	.eJxVjEEOwiAQRe_C2hBoBwou3XsGwjCDVA0kpV0Z765NutDtf-_9lwhxW0vYOi9hJnEWWpx-N4zpwXUHdI_11mRqdV1mlLsiD9rltRE_L4f7d1BiL98aESx4yBZH642i0YBjshkVDs4ncGZSxquYNWkmAkiAAzjkiSwoNOL9AdYcN6o:1s5jsD:O2Y8XmEDyn8Ni7rAPlHde78AjKU5LUvkcFN4sty5dcw	2024-05-25 15:22:37.210925+05
w0576zr0wwwe45xjclz5dwihwby8iofx	.eJxVjEEOwiAQRe_C2pBSgQGX7j0DGZhBqgaS0q6Md7dNutDte-__twi4LiWsnecwkbgIJU6_LGJ6ct0FPbDem0ytLvMU5Z7Iw3Z5a8Sv69H-HRTsZVt7pQdAAxGUc2Dd2TNnT0hupDQqawbIoLNBr5Ilr63iyKwzWrC4cfH5AsxTN8k:1sImUE:BFyu2OiRKJfCf4KwsT_O0ELGwtoHCfz2snVrIZdmd6c	2024-06-30 14:47:46.149127+05
\.


--
-- TOC entry 5139 (class 0 OID 41850)
-- Dependencies: 251
-- Data for Name: token_blacklist_blacklistedtoken; Type: TABLE DATA; Schema: public; Owner: postgres
--

COPY public.token_blacklist_blacklistedtoken (id, blacklisted_at, token_id) FROM stdin;
\.


--
-- TOC entry 5141 (class 0 OID 41856)
-- Dependencies: 253
-- Data for Name: token_blacklist_outstandingtoken; Type: TABLE DATA; Schema: public; Owner: postgres
--

COPY public.token_blacklist_outstandingtoken (id, token, created_at, expires_at, user_id, jti) FROM stdin;
1	eyJhbGciOiJIUzI1NiIsInR5cCI6IkpXVCJ9.eyJ0b2tlbl90eXBlIjoicmVmcmVzaCIsImV4cCI6MTcxNTUwOTUyNCwiaWF0IjoxNzE1NDIzMTI0LCJqdGkiOiJjZTU1OGRmYTMwMTE0MDBlODQxNzdjMGI2NjZjMGFjMSIsInVzZXJfaWQiOjF9.E-an5g6KrHt72I0yabhD_3Uqk35lTj226uVrQkujI2s	2024-05-11 15:25:24.495162+05	2024-05-12 15:25:24+05	1	ce558dfa3011400e84177c0b666c0ac1
2	eyJhbGciOiJIUzI1NiIsInR5cCI6IkpXVCJ9.eyJ0b2tlbl90eXBlIjoicmVmcmVzaCIsImV4cCI6MTcxNTUxMTMwNSwiaWF0IjoxNzE1NDI0OTA1LCJqdGkiOiI0MGFhOGZmYjcxODA0MmYyYTViNjU0MjdkZDAxMWFlMCIsInVzZXJfaWQiOjF9.n4naL-wSzw1BZL7k-k44l9oyCdvMRRNrqc4KNulNGdU	2024-05-11 15:55:05.88805+05	2024-05-12 15:55:05+05	1	40aa8ffb718042f2a5b65427dd011ae0
3	eyJhbGciOiJIUzI1NiIsInR5cCI6IkpXVCJ9.eyJ0b2tlbl90eXBlIjoicmVmcmVzaCIsImV4cCI6MTcxNTU4NTc0OSwiaWF0IjoxNzE1NDk5MzQ5LCJqdGkiOiI5M2RmMDFhM2MzMjg0NDhlOGU2ZjhhMTQ2MDdjNjIyZiIsInVzZXJfaWQiOjF9.jZC1Pzaov8LOqQEINV8Awzpuko-lMzH6oSG4sedyDow	2024-05-12 12:35:49.88065+05	2024-05-13 12:35:49+05	1	93df01a3c328448e8e6f8a14607c622f
4	eyJhbGciOiJIUzI1NiIsInR5cCI6IkpXVCJ9.eyJ0b2tlbl90eXBlIjoicmVmcmVzaCIsImV4cCI6MTcxNTY5MzY4NiwiaWF0IjoxNzE1NjA3Mjg2LCJqdGkiOiI2NjViYzJmZWRjNTg0OWYxYjQ5ZDg1N2NlZmRkZjY1ZCIsInVzZXJfaWQiOjF9.MUjJMRoucJbRvLioXlvus8ehk8Em-9gzYdm8aU4b5no	2024-05-13 18:34:46.344499+05	2024-05-14 18:34:46+05	1	665bc2fedc5849f1b49d857cefddf65d
5	eyJhbGciOiJIUzI1NiIsInR5cCI6IkpXVCJ9.eyJ0b2tlbl90eXBlIjoicmVmcmVzaCIsImV4cCI6MTcxNTY5NTk5NywiaWF0IjoxNzE1NjA5NTk3LCJqdGkiOiIxOTA3NTlkNWNiNjg0N2UyYWI5Njk4ZGQwNmU4NWIwZCIsInVzZXJfaWQiOjF9.6u0DVL_jdrlsMiSyZoPrv5fT9TjgLl2CSHpHPcmMYj0	2024-05-13 19:13:17.188067+05	2024-05-14 19:13:17+05	1	190759d5cb6847e2ab9698dd06e85b0d
6	eyJhbGciOiJIUzI1NiIsInR5cCI6IkpXVCJ9.eyJ0b2tlbl90eXBlIjoicmVmcmVzaCIsImV4cCI6MTcxNTY5NjEzMiwiaWF0IjoxNzE1NjA5NzMyLCJqdGkiOiI2YmM3NGM0ODVmNjU0ZjU2YjhmZTkxMTgxMjY1NDRjNyIsInVzZXJfaWQiOjF9.JYaFVN1dFUcb-blO1uhc_8eYawKvXF17VavJjnTsLUU	2024-05-13 19:15:32.573745+05	2024-05-14 19:15:32+05	1	6bc74c485f654f56b8fe9118126544c7
7	eyJhbGciOiJIUzI1NiIsInR5cCI6IkpXVCJ9.eyJ0b2tlbl90eXBlIjoicmVmcmVzaCIsImV4cCI6MTcxNTY5NjI2NSwiaWF0IjoxNzE1NjA5ODY1LCJqdGkiOiIwOGRmMGJkNTBjM2M0NjkzOGJjMzFkMTZmYzUzMmM3OCIsInVzZXJfaWQiOjF9.ZhEY_3XjDv2HPqaWJNx8dFORzo0hTGtmehaN_DXqH-s	2024-05-13 19:17:45.205233+05	2024-05-14 19:17:45+05	1	08df0bd50c3c46938bc31d16fc532c78
8	eyJhbGciOiJIUzI1NiIsInR5cCI6IkpXVCJ9.eyJ0b2tlbl90eXBlIjoicmVmcmVzaCIsImV4cCI6MTcxNTY5NjI5MywiaWF0IjoxNzE1NjA5ODkzLCJqdGkiOiJhOGM2ODUzYTRhNTc0YWU3YTBmMzUwZjBmNTM3ZTcwNSIsInVzZXJfaWQiOjF9.ExZApMoaOESDhl4f47k6GQOmQzuNo5289-fhbin1330	2024-05-13 19:18:13.865257+05	2024-05-14 19:18:13+05	1	a8c6853a4a574ae7a0f350f0f537e705
9	eyJhbGciOiJIUzI1NiIsInR5cCI6IkpXVCJ9.eyJ0b2tlbl90eXBlIjoicmVmcmVzaCIsImV4cCI6MTcxNTY5NzA0OCwiaWF0IjoxNzE1NjEwNjQ4LCJqdGkiOiI1ZjFjNGYxNTliMTA0Yjg4OGVkZWEzY2ViMTNhM2FlMiIsInVzZXJfaWQiOjF9.a7xOtzd3wRiBkoSMEOHzp-U0HUO5y8ULpX13PLcvNMs	2024-05-13 19:30:48.848104+05	2024-05-14 19:30:48+05	1	5f1c4f159b104b888edea3ceb13a3ae2
10	eyJhbGciOiJIUzI1NiIsInR5cCI6IkpXVCJ9.eyJ0b2tlbl90eXBlIjoicmVmcmVzaCIsImV4cCI6MTcxNTc2NDgyMywiaWF0IjoxNzE1Njc4NDIzLCJqdGkiOiJjYjMxNGZkZjcxZjk0MDQ3YWE2YmZlMTlmNWE4ZjBlNCIsInVzZXJfaWQiOjF9.fVwkRIzMdb2gO1oufKrTWvEoRzRH1YSfp1h6xH14rFQ	2024-05-14 14:20:23.242024+05	2024-05-15 14:20:23+05	1	cb314fdf71f94047aa6bfe19f5a8f0e4
11	eyJhbGciOiJIUzI1NiIsInR5cCI6IkpXVCJ9.eyJ0b2tlbl90eXBlIjoicmVmcmVzaCIsImV4cCI6MTcxNTc2NDgyMywiaWF0IjoxNzE1Njc4NDIzLCJqdGkiOiIzZTZlZTI5MmJjMjk0MmRmYmFiMmQ4YjY0OTFhZWU5YiIsInVzZXJfaWQiOjF9.PU4XLUmzc9aOu1IF26gZ4LiY-LwnAGQr3OBDnL-GUhc	2024-05-14 14:20:23.879659+05	2024-05-15 14:20:23+05	1	3e6ee292bc2942dfbab2d8b6491aee9b
12	eyJhbGciOiJIUzI1NiIsInR5cCI6IkpXVCJ9.eyJ0b2tlbl90eXBlIjoicmVmcmVzaCIsImV4cCI6MTcxNTc3MTI0NCwiaWF0IjoxNzE1Njg0ODQ0LCJqdGkiOiI1NDU0MmVkOTA1NzM0MTAxYjQ4Y2ZmNmZjZjc0YzVkZCIsInVzZXJfaWQiOjF9.zXgTLeMEIr-RBGFkiyJ4s8dnKxWoJd_iKYxGPVMUce0	2024-05-14 16:07:24.335477+05	2024-05-15 16:07:24+05	1	54542ed905734101b48cff6fcf74c5dd
13	eyJhbGciOiJIUzI1NiIsInR5cCI6IkpXVCJ9.eyJ0b2tlbl90eXBlIjoicmVmcmVzaCIsImV4cCI6MTcxNTc3MTYzNywiaWF0IjoxNzE1Njg1MjM3LCJqdGkiOiIwZDE4MjQ5M2E0MjI0MjFiYWRiMmE5NTlkYTcwNDlmOCIsInVzZXJfaWQiOjF9.xnG5oUSZuNCIG1FQHuGvavniftAar-4v99KvrkMAQww	2024-05-14 16:13:57.602035+05	2024-05-15 16:13:57+05	1	0d182493a422421badb2a959da7049f8
14	eyJhbGciOiJIUzI1NiIsInR5cCI6IkpXVCJ9.eyJ0b2tlbl90eXBlIjoicmVmcmVzaCIsImV4cCI6MTcxNTc3MTgyMSwiaWF0IjoxNzE1Njg1NDIxLCJqdGkiOiIzM2E0MDBlYWQ0ZGI0YzFkYTlhOTEzYWY0YjViYTIwNSIsInVzZXJfaWQiOjF9.nIVs2tJSCpuKHbLV8W0nKAg5mUPZmu7Liu9_8xLEziw	2024-05-14 16:17:01.451755+05	2024-05-15 16:17:01+05	1	33a400ead4db4c1da9a913af4b5ba205
15	eyJhbGciOiJIUzI1NiIsInR5cCI6IkpXVCJ9.eyJ0b2tlbl90eXBlIjoicmVmcmVzaCIsImV4cCI6MTcxNTk1OTA3OSwiaWF0IjoxNzE1ODcyNjc5LCJqdGkiOiIzYzdjZmU1M2VmNzY0ODg2OTZiMWU5OTJlOWVlZmYwMCIsInVzZXJfaWQiOjN9.x_vWX-9Ee3xMxf__d2KPZRJ0XVUVxwiCd5xNsAiFBGQ	2024-05-16 20:17:59.001398+05	2024-05-17 20:17:59+05	3	3c7cfe53ef76488696b1e992e9eeff00
16	eyJhbGciOiJIUzI1NiIsInR5cCI6IkpXVCJ9.eyJ0b2tlbl90eXBlIjoicmVmcmVzaCIsImV4cCI6MTcxNjAyMTI5NywiaWF0IjoxNzE1OTM0ODk3LCJqdGkiOiI1ZWRkZWU5NzA1MDc0NjhlYWY1YTAxZTViNGE3NTUxYSIsInVzZXJfaWQiOjF9.Ows1zADOOc9dKLS-lCYbdfNo7Oq3JdRA8-eEGX2WkNo	2024-05-17 13:34:57.167032+05	2024-05-18 13:34:57+05	1	5eddee970507468eaf5a01e5b4a7551a
17	eyJhbGciOiJIUzI1NiIsInR5cCI6IkpXVCJ9.eyJ0b2tlbl90eXBlIjoicmVmcmVzaCIsImV4cCI6MTcxNjAyMzUxMiwiaWF0IjoxNzE1OTM3MTEyLCJqdGkiOiI3ZjMwMWU5MDVjYjA0Y2NkOWZlYWQxNGRjY2E4YzgwYyIsInVzZXJfaWQiOjR9.yMgLP1y_DN8ibYkPVB2TjIbNpLLffJy7mH6O_MDi6R4	2024-05-17 14:11:52.842763+05	2024-05-18 14:11:52+05	4	7f301e905cb04ccd9fead14dcca8c80c
18	eyJhbGciOiJIUzI1NiIsInR5cCI6IkpXVCJ9.eyJ0b2tlbl90eXBlIjoicmVmcmVzaCIsImV4cCI6MTcxNjAyMzYyMiwiaWF0IjoxNzE1OTM3MjIyLCJqdGkiOiI1NmU4NzIwMTA5NDY0NzFlOTJhMWNiNjkzNDgxMTQ4NCIsInVzZXJfaWQiOjN9.-_vD7asUFhHzgJW8M7bVe-CvPsQn3xwT8UDWyTejqaA	2024-05-17 14:13:42.367163+05	2024-05-18 14:13:42+05	3	56e872010946471e92a1cb6934811484
19	eyJhbGciOiJIUzI1NiIsInR5cCI6IkpXVCJ9.eyJ0b2tlbl90eXBlIjoicmVmcmVzaCIsImV4cCI6MTcxNjAyODg5MiwiaWF0IjoxNzE1OTQyNDkyLCJqdGkiOiJjOGFiNzhlOWNhMzU0NjZhOGI2MGE1ZmIwMDk1NThkMCIsInVzZXJfaWQiOjV9.9Mw04Mw31OBRL9auvJ-IpQ43C2m6mXSpzHZOcQfn2XU	2024-05-17 15:41:32.912034+05	2024-05-18 15:41:32+05	5	c8ab78e9ca35466a8b60a5fb009558d0
20	eyJhbGciOiJIUzI1NiIsInR5cCI6IkpXVCJ9.eyJ0b2tlbl90eXBlIjoicmVmcmVzaCIsImV4cCI6MTcxNjEwNzQzNCwiaWF0IjoxNzE2MDIxMDM0LCJqdGkiOiI5NTQ1ZjcwOGUwZDE0OTRlYTQzZTI0NTcwNjIzYWI4NiIsInVzZXJfaWQiOjF9.8x9WG9oRj7dtVFUUk0PP6t1Qb6zvExjbAR6Fk-rSjKc	2024-05-18 13:30:34.887745+05	2024-05-19 13:30:34+05	1	9545f708e0d1494ea43e24570623ab86
21	eyJhbGciOiJIUzI1NiIsInR5cCI6IkpXVCJ9.eyJ0b2tlbl90eXBlIjoicmVmcmVzaCIsImV4cCI6MTcxNjEwNzU0MiwiaWF0IjoxNzE2MDIxMTQyLCJqdGkiOiIxYzA0MTQ5NmUwNmQ0YjIyYjA3ZGJlMTEwMmI5ZmUwMiIsInVzZXJfaWQiOjF9.4FQ2s61pnvPxAGh0x9GYmEvM6Vwf9kqTYgytTvhtqQo	2024-05-18 13:32:22.168703+05	2024-05-19 13:32:22+05	1	1c041496e06d4b22b07dbe1102b9fe02
22	eyJhbGciOiJIUzI1NiIsInR5cCI6IkpXVCJ9.eyJ0b2tlbl90eXBlIjoicmVmcmVzaCIsImV4cCI6MTcxNjE5MTgxNywiaWF0IjoxNzE2MTA1NDE3LCJqdGkiOiIzYjU5NDg1ODMwNzE0NjE3YjI0NDljMDUwMGVjMjY1MSIsInVzZXJfaWQiOjF9.EK_Fx84SoOD_zlidY_c5x3ErkIWfB687aoZCZblTQaA	2024-05-19 12:56:57.444023+05	2024-05-20 12:56:57+05	1	3b59485830714617b2449c0500ec2651
23	eyJhbGciOiJIUzI1NiIsInR5cCI6IkpXVCJ9.eyJ0b2tlbl90eXBlIjoicmVmcmVzaCIsImV4cCI6MTcxNjI4NjUxMCwiaWF0IjoxNzE2MjAwMTEwLCJqdGkiOiIzZThkYWZjODQxNTU0Y2FhOWVlYzQyNjkzYWVmM2JjOSIsInVzZXJfaWQiOjF9._NslBEkYixTIQU3vCm0tWfQckClzcWAb8EFjtp5kpeg	2024-05-20 15:15:10.075937+05	2024-05-21 15:15:10+05	1	3e8dafc841554caa9eec42693aef3bc9
24	eyJhbGciOiJIUzI1NiIsInR5cCI6IkpXVCJ9.eyJ0b2tlbl90eXBlIjoicmVmcmVzaCIsImV4cCI6MTcxNjMwMTk5MSwiaWF0IjoxNzE2MjE1NTkxLCJqdGkiOiI0YzUxZDE5OWRlMzg0NGVjOWM1ZDIwNWVkMzYzNDlhNyIsInVzZXJfaWQiOjR9.qwVJXKzZ4yEYTagZzj3352CdI2F39lXW3Zt7_E8rEEw	2024-05-20 19:33:11.505528+05	2024-05-21 19:33:11+05	4	4c51d199de3844ec9c5d205ed36349a7
25	eyJhbGciOiJIUzI1NiIsInR5cCI6IkpXVCJ9.eyJ0b2tlbl90eXBlIjoicmVmcmVzaCIsImV4cCI6MTcxNjMxMzI1OSwiaWF0IjoxNzE2MjI2ODU5LCJqdGkiOiJiMGFkMmZiMTg4NzQ0YzE2Yjg3ODA2NGM2NWVhZWUxYSIsInVzZXJfaWQiOjF9.XjHQWneTcLmbYZbWbSv3X5ntqDptgtwuHWIxpng8qI0	2024-05-20 22:40:59.298826+05	2024-05-21 22:40:59+05	1	b0ad2fb188744c16b878064c65eaee1a
26	eyJhbGciOiJIUzI1NiIsInR5cCI6IkpXVCJ9.eyJ0b2tlbl90eXBlIjoicmVmcmVzaCIsImV4cCI6MTcxNjMxMzMxMiwiaWF0IjoxNzE2MjI2OTEyLCJqdGkiOiI3NzA2YTFhMzEzMjc0NzAzYmU5MmRiZmYyMGM2YTI2NSIsInVzZXJfaWQiOjN9.63oqTaTrgrV5XZZTiUCvyY71IcSPCXH-RaHpLd2WG2k	2024-05-20 22:41:52.019294+05	2024-05-21 22:41:52+05	3	7706a1a313274703be92dbff20c6a265
27	eyJhbGciOiJIUzI1NiIsInR5cCI6IkpXVCJ9.eyJ0b2tlbl90eXBlIjoicmVmcmVzaCIsImV4cCI6MTcxNjM2ODcwMSwiaWF0IjoxNzE2MjgyMzAxLCJqdGkiOiJjYWEwNTg3ZTk4Njk0N2VmODYyYTllYjg0OThiM2RmZCIsInVzZXJfaWQiOjF9.ujMcNgJZG5qcX8iD9khv20YGiL5AOdsfBbBMAmFvwig	2024-05-21 14:05:01.0097+05	2024-05-22 14:05:01+05	1	caa0587e986947ef862a9eb8498b3dfd
28	eyJhbGciOiJIUzI1NiIsInR5cCI6IkpXVCJ9.eyJ0b2tlbl90eXBlIjoicmVmcmVzaCIsImV4cCI6MTcxNjM5MzQ1NSwiaWF0IjoxNzE2MzA3MDU1LCJqdGkiOiIwYzU1MWQ0YzQwNjI0MjUzOTdhNGM2Mzk0OTM1MTdhYyIsInVzZXJfaWQiOjF9.wiGLn0Lj8y4_9sk8Ra44_E4gde8373VTHf3rTtwtMKU	2024-05-21 20:57:35.533266+05	2024-05-22 20:57:35+05	1	0c551d4c4062425397a4c639493517ac
29	eyJhbGciOiJIUzI1NiIsInR5cCI6IkpXVCJ9.eyJ0b2tlbl90eXBlIjoicmVmcmVzaCIsImV4cCI6MTcxNjQ0NTIwNSwiaWF0IjoxNzE2MzU4ODA1LCJqdGkiOiIyNWFiYzRmMTY1NzA0MjUxYjZiNjY0ODYyZDBhNWE2ZCIsInVzZXJfaWQiOjF9.dHtwCcIe2R42TpKkVIRHx09x87LYcLsM3tLSHLm5HZI	2024-05-22 11:20:05.763396+05	2024-05-23 11:20:05+05	1	25abc4f165704251b6b664862d0a5a6d
30	eyJhbGciOiJIUzI1NiIsInR5cCI6IkpXVCJ9.eyJ0b2tlbl90eXBlIjoicmVmcmVzaCIsImV4cCI6MTcxNjQ3MjYzNSwiaWF0IjoxNzE2Mzg2MjM1LCJqdGkiOiJjNGViZDk5OTQ1NTY0NTA3YWJjNzU1MDY0ZDAxYzBhNyIsInVzZXJfaWQiOjF9.1nUQztt5Hhq8yLaHd0ayzQxDFHtFkwdgsHWVMde_EyI	2024-05-22 18:57:15.539068+05	2024-05-23 18:57:15+05	1	c4ebd99945564507abc755064d01c0a7
31	eyJhbGciOiJIUzI1NiIsInR5cCI6IkpXVCJ9.eyJ0b2tlbl90eXBlIjoicmVmcmVzaCIsImV4cCI6MTcxNjUzNzY0OCwiaWF0IjoxNzE2NDUxMjQ4LCJqdGkiOiJjNjdmNjMxMTZkNWQ0NDc3ODczOGFiMDFjNDdlZWYxNSIsInVzZXJfaWQiOjF9.Vz6sREYk90x4Sg_BQTGw_RRo3wiOmBs3JWaoWwHBfXI	2024-05-23 13:00:48.997342+05	2024-05-24 13:00:48+05	1	c67f63116d5d44778738ab01c47eef15
32	eyJhbGciOiJIUzI1NiIsInR5cCI6IkpXVCJ9.eyJ0b2tlbl90eXBlIjoicmVmcmVzaCIsImV4cCI6MTcxNjg2OTMzMywiaWF0IjoxNzE2NzgyOTMzLCJqdGkiOiI2ZTQ0MjhhODkyZWY0MmRjOGY0NGE3NzExNGRlM2NjNiIsInVzZXJfaWQiOjF9.sPGCVVam-lv_0Tpl99qtZzouE7Z2-T_LC4JhoBgdYT4	2024-05-27 09:08:53.044209+05	2024-05-28 09:08:53+05	1	6e4428a892ef42dc8f44a77114de3cc6
33	eyJhbGciOiJIUzI1NiIsInR5cCI6IkpXVCJ9.eyJ0b2tlbl90eXBlIjoicmVmcmVzaCIsImV4cCI6MTcxNjg5OTgzNiwiaWF0IjoxNzE2ODEzNDM2LCJqdGkiOiIxNDE1N2YyNTczYWM0MzEzOTViZGY5ODMyZmRlM2EyMiIsInVzZXJfaWQiOjF9.EAqhzhfYiGBYrpOBPWu4ojFjIjzgID9_TADGssVAVRo	2024-05-27 17:37:16.006343+05	2024-05-28 17:37:16+05	1	14157f2573ac431395bdf9832fde3a22
34	eyJhbGciOiJIUzI1NiIsInR5cCI6IkpXVCJ9.eyJ0b2tlbl90eXBlIjoicmVmcmVzaCIsImV4cCI6MTcxNjkwMTU3NywiaWF0IjoxNzE2ODE1MTc3LCJqdGkiOiI1NTE4MjJlYTc3YmM0ODIzYmU2NWVlODRlN2I4OGM1MiIsInVzZXJfaWQiOjF9.x1-3Td8vAPNdAZ95DNpejZ4oKDWe5xzWEAwEoRp-_WA	2024-05-27 18:06:17.366982+05	2024-05-28 18:06:17+05	1	551822ea77bc4823be65ee84e7b88c52
35	eyJhbGciOiJIUzI1NiIsInR5cCI6IkpXVCJ9.eyJ0b2tlbl90eXBlIjoicmVmcmVzaCIsImV4cCI6MTcxNzA2MTk4MSwiaWF0IjoxNzE2OTc1NTgxLCJqdGkiOiJkNjdmMmQ1OWNiZTQ0NWRlYmE3MTAzOGRkOTg1YzMxZCIsInVzZXJfaWQiOjF9.B8nK2F4zvBTDm9ydLUClxz97-nQ8iSswnyzQ5OrkLz4	2024-05-29 14:39:41.022125+05	2024-05-30 14:39:41+05	1	d67f2d59cbe445deba71038dd985c31d
36	eyJhbGciOiJIUzI1NiIsInR5cCI6IkpXVCJ9.eyJ0b2tlbl90eXBlIjoicmVmcmVzaCIsImV4cCI6MTcxNzA5NDYwOCwiaWF0IjoxNzE3MDA4MjA4LCJqdGkiOiI0M2IzMmQzZjhhOWM0NDIxOTk4Mzg5NDM1NTNiYjY1NSIsInVzZXJfaWQiOjF9.vjinD7QqpRt08BRKs0CaGBn7pHTgEGjhIxSQ7hf_VbY	2024-05-29 23:43:28.659008+05	2024-05-30 23:43:28+05	1	43b32d3f8a9c442199838943553bb655
37	eyJhbGciOiJIUzI1NiIsInR5cCI6IkpXVCJ9.eyJ0b2tlbl90eXBlIjoicmVmcmVzaCIsImV4cCI6MTcxNzE0MjkxMywiaWF0IjoxNzE3MDU2NTEzLCJqdGkiOiIwMDU2NmMyZGUzOGE0NWQ4ODc4ZWUxNzZlYmI4MmRhZiIsInVzZXJfaWQiOjF9.7XMvk20E_CKEGCpbrUykixVipWRUIE-qW0n7-mB4bq4	2024-05-30 13:08:33.937978+05	2024-05-31 13:08:33+05	1	00566c2de38a45d8878ee176ebb82daf
38	eyJhbGciOiJIUzI1NiIsInR5cCI6IkpXVCJ9.eyJ0b2tlbl90eXBlIjoicmVmcmVzaCIsImV4cCI6MTcxNzE2NzQxMSwiaWF0IjoxNzE3MDgxMDExLCJqdGkiOiJiY2VmYmM0NzE2MDY0YTE4OWNlYzE5YTRkMGQ1ZTk1YSIsInVzZXJfaWQiOjF9.1t3wE79H211gIOVgQSepBXGJELfC6AITaTe3UE6q52Y	2024-05-30 19:56:51.944366+05	2024-05-31 19:56:51+05	1	bcefbc4716064a189cec19a4d0d5e95a
39	eyJhbGciOiJIUzI1NiIsInR5cCI6IkpXVCJ9.eyJ0b2tlbl90eXBlIjoicmVmcmVzaCIsImV4cCI6MTcxNzIzMzgxNiwiaWF0IjoxNzE3MTQ3NDE2LCJqdGkiOiI2MDVmODQ0NTRjMjE0NDgwOWQ5ODY3MWRmZDBjYTgyOCIsInVzZXJfaWQiOjF9.ez3rC8C3QsKav2uxVKPHBoJNBCXNOQf1XQKA3IBDEHI	2024-05-31 14:23:36.658133+05	2024-06-01 14:23:36+05	1	605f84454c2144809d98671dfd0ca828
40	eyJhbGciOiJIUzI1NiIsInR5cCI6IkpXVCJ9.eyJ0b2tlbl90eXBlIjoicmVmcmVzaCIsImV4cCI6MTcxNzI1NTY5NCwiaWF0IjoxNzE3MTY5Mjk0LCJqdGkiOiJmNjYyNTM4MWVkNzc0ZmQ3ODg0NTU0MGY4NWZhYmEyNSIsInVzZXJfaWQiOjF9.QtDHIZGH23zHx_u_byNIqHWbVsK4fhaIWLKKK0fsCww	2024-05-31 20:28:14.11727+05	2024-06-01 20:28:14+05	1	f6625381ed774fd78845540f85faba25
41	eyJhbGciOiJIUzI1NiIsInR5cCI6IkpXVCJ9.eyJ0b2tlbl90eXBlIjoicmVmcmVzaCIsImV4cCI6MTcxNzI2MTY0NSwiaWF0IjoxNzE3MTc1MjQ1LCJqdGkiOiI0YWNhMmEyYTI0ZGM0OTNhOTcxNzhmNjY4NmQ5MDE2YyIsInVzZXJfaWQiOjF9.1-Dia4MRSY9F8SEfSv3lwXfRfPWUuSUgafjh9056Wvw	2024-05-31 22:07:25.747134+05	2024-06-01 22:07:25+05	1	4aca2a2a24dc493a97178f6686d9016c
42	eyJhbGciOiJIUzI1NiIsInR5cCI6IkpXVCJ9.eyJ0b2tlbl90eXBlIjoicmVmcmVzaCIsImV4cCI6MTcxNzI2NjIzMiwiaWF0IjoxNzE3MTc5ODMyLCJqdGkiOiJiZTI1ZTQyNmZmNGM0MDc2OWYxMzQ5NGQxMTczNTY2OCIsInVzZXJfaWQiOjN9.Vf1yv2WlYaNcwmAfLCzESBsvwevcZd6JYHHiTEZHy8w	2024-05-31 23:23:52.374422+05	2024-06-01 23:23:52+05	3	be25e426ff4c40769f13494d11735668
43	eyJhbGciOiJIUzI1NiIsInR5cCI6IkpXVCJ9.eyJ0b2tlbl90eXBlIjoicmVmcmVzaCIsImV4cCI6MTcxNzI2NjU4MSwiaWF0IjoxNzE3MTgwMTgxLCJqdGkiOiI3MTkxMTIyZjFmOTc0MjczOWI3ZGM4YThkYzA0ZDRjNCIsInVzZXJfaWQiOjN9.T6RK0mJ3ZugCT8b1J2Lh0h1sywOh6zCQGOlG0__fDxA	2024-05-31 23:29:41.81499+05	2024-06-01 23:29:41+05	3	7191122f1f9742739b7dc8a8dc04d4c4
44	eyJhbGciOiJIUzI1NiIsInR5cCI6IkpXVCJ9.eyJ0b2tlbl90eXBlIjoicmVmcmVzaCIsImV4cCI6MTcxNzI2NjYwNCwiaWF0IjoxNzE3MTgwMjA0LCJqdGkiOiJmZmE4Mjg1MDhkZTI0YmJjYTUyMmRkYjZjMzg0ZGJiZSIsInVzZXJfaWQiOjF9.uDp1sjXFTz5p3p0f77bz7dxbWOxgD51cHhrDXy0s91s	2024-05-31 23:30:04.88213+05	2024-06-01 23:30:04+05	1	ffa828508de24bbca522ddb6c384dbbe
45	eyJhbGciOiJIUzI1NiIsInR5cCI6IkpXVCJ9.eyJ0b2tlbl90eXBlIjoicmVmcmVzaCIsImV4cCI6MTcxNzMyMTUyOSwiaWF0IjoxNzE3MjM1MTI5LCJqdGkiOiJmYTU2NDYzOGQ1ODA0OTVkYjI5NGQ4ZGYxM2JlYjYxMyIsInVzZXJfaWQiOjF9.KRVdq5F0XheJtJbSAAcuPJC8W_QJjheyVCzk65H3pyI	2024-06-01 14:45:29.833676+05	2024-06-02 14:45:29+05	1	fa564638d580495db294d8df13beb613
46	eyJhbGciOiJIUzI1NiIsInR5cCI6IkpXVCJ9.eyJ0b2tlbl90eXBlIjoicmVmcmVzaCIsImV4cCI6MTcxNzMyMTUzNSwiaWF0IjoxNzE3MjM1MTM1LCJqdGkiOiJiZDc3ODU1ZjA0YjQ0MjZiYjY3ZjBhMDU1ZjI2OTNjMSIsInVzZXJfaWQiOjF9.oSC8wPFTkLGgYnTV5dYeHaDpyx1tsjWOHh7nx5_jIeQ	2024-06-01 14:45:35.458309+05	2024-06-02 14:45:35+05	1	bd77855f04b4426bb67f0a055f2693c1
47	eyJhbGciOiJIUzI1NiIsInR5cCI6IkpXVCJ9.eyJ0b2tlbl90eXBlIjoicmVmcmVzaCIsImV4cCI6MTcxNzMyOTk5OCwiaWF0IjoxNzE3MjQzNTk4LCJqdGkiOiIzMTAzMDkwNjdjM2M0MTg5OGRhYzc0MDcwZDIwODE1MiIsInVzZXJfaWQiOjF9.VuWSYbFjrNEO6xWkax03T26cVKr2qDj9X8AQ17JaIKY	2024-06-01 17:06:38.900244+05	2024-06-02 17:06:38+05	1	310309067c3c41898dac74070d208152
48	eyJhbGciOiJIUzI1NiIsInR5cCI6IkpXVCJ9.eyJ0b2tlbl90eXBlIjoicmVmcmVzaCIsImV4cCI6MTcxNzMzMDA3MSwiaWF0IjoxNzE3MjQzNjcxLCJqdGkiOiI3ZDYwMmQ5NTI2Mjc0N2I5OGRmMmFjOTFkN2Y0MDE0MyIsInVzZXJfaWQiOjF9.dexm7bkuJFm_S4A0vabzl0Ytus1DvMlFieTLeWepZIU	2024-06-01 17:07:51.109836+05	2024-06-02 17:07:51+05	1	7d602d95262747b98df2ac91d7f40143
49	eyJhbGciOiJIUzI1NiIsInR5cCI6IkpXVCJ9.eyJ0b2tlbl90eXBlIjoicmVmcmVzaCIsImV4cCI6MTcxNzMzMzQwMywiaWF0IjoxNzE3MjQ3MDAzLCJqdGkiOiI0MjU4NTExODAyMDA0NDdlOGYyZmFjMjNmZmYwYTQzYyIsInVzZXJfaWQiOjF9.76O5FFuctsx81HpBxbblF6SpW4I8CTVaHZoj9zYzNVs	2024-06-01 18:03:23.262267+05	2024-06-02 18:03:23+05	1	425851180200447e8f2fac23fff0a43c
50	eyJhbGciOiJIUzI1NiIsInR5cCI6IkpXVCJ9.eyJ0b2tlbl90eXBlIjoicmVmcmVzaCIsImV4cCI6MTcxNzM5OTQ3NiwiaWF0IjoxNzE3MzEzMDc2LCJqdGkiOiIwYmNiOGRhNGM5NGQ0YjEwOTMzZGNkMTRhMGU4NDdjNiIsInVzZXJfaWQiOjF9.su5qzSotlaqfafP9vHxQ-YxceCI8ysalzqQcgTl1FVs	2024-06-02 12:24:36.509248+05	2024-06-03 12:24:36+05	1	0bcb8da4c94d4b10933dcd14a0e847c6
51	eyJhbGciOiJIUzI1NiIsInR5cCI6IkpXVCJ9.eyJ0b2tlbl90eXBlIjoicmVmcmVzaCIsImV4cCI6MTcxNzQ5Mjk4NCwiaWF0IjoxNzE3NDA2NTg0LCJqdGkiOiIwNDljOWYyOWU4OWE0MWFmOWEzNWQ4ZGVjZGQ1ODcwNiIsInVzZXJfaWQiOjF9.qaQSnAwMLozilZ-PK15M5R5d2ztGKstaQCCuChaMsKo	2024-06-03 14:23:04.100233+05	2024-06-04 14:23:04+05	1	049c9f29e89a41af9a35d8decdd58706
52	eyJhbGciOiJIUzI1NiIsInR5cCI6IkpXVCJ9.eyJ0b2tlbl90eXBlIjoicmVmcmVzaCIsImV4cCI6MTcxNzUwNjAxNSwiaWF0IjoxNzE3NDE5NjE1LCJqdGkiOiJiYmJhNjVhNmEyNDA0ZTEyYjYzNThhOWZmNGI2YTY5NiIsInVzZXJfaWQiOjF9.hrHXYECr0VzSov9EJfe_k77ETs-sZOxHsJJEwoKc1rw	2024-06-03 18:00:15.571235+05	2024-06-04 18:00:15+05	1	bbba65a6a2404e12b6358a9ff4b6a696
53	eyJhbGciOiJIUzI1NiIsInR5cCI6IkpXVCJ9.eyJ0b2tlbl90eXBlIjoicmVmcmVzaCIsImV4cCI6MTcxNzUwNzQyOCwiaWF0IjoxNzE3NDIxMDI4LCJqdGkiOiJmMGViMDg2YWEyNWI0OTg4OGFlOWY5ZDhlNjI0ZjAyNiIsInVzZXJfaWQiOjN9.L4IjYkmS3VS0djlROeMaTmQLZieO9odWYK-kbXV0j5c	2024-06-03 18:23:48.093579+05	2024-06-04 18:23:48+05	3	f0eb086aa25b49888ae9f9d8e624f026
54	eyJhbGciOiJIUzI1NiIsInR5cCI6IkpXVCJ9.eyJ0b2tlbl90eXBlIjoicmVmcmVzaCIsImV4cCI6MTcxNzUwNzk3OSwiaWF0IjoxNzE3NDIxNTc5LCJqdGkiOiIyMzMxNzUzNzQzYWE0YWRmYTk5M2FlZjlhMThhYmEwOCIsInVzZXJfaWQiOjF9.UHMxgh0tO-CP-zkv6lesZmr7Wu-LuFsI4hqmXtrPuJ0	2024-06-03 18:32:59.504635+05	2024-06-04 18:32:59+05	1	2331753743aa4adfa993aef9a18aba08
55	eyJhbGciOiJIUzI1NiIsInR5cCI6IkpXVCJ9.eyJ0b2tlbl90eXBlIjoicmVmcmVzaCIsImV4cCI6MTcxNzU2NjI1NCwiaWF0IjoxNzE3NDc5ODU0LCJqdGkiOiJmMGVhY2IzZDk4NDE0OTA5YjFlZGRiNTdkZGZlNzFmYSIsInVzZXJfaWQiOjF9.2Mx58qFQiftq_xXkMVqd60On45aaTIqtO59LZXPtWUA	2024-06-04 10:44:14.104214+05	2024-06-05 10:44:14+05	1	f0eacb3d98414909b1eddb57ddfe71fa
56	eyJhbGciOiJIUzI1NiIsInR5cCI6IkpXVCJ9.eyJ0b2tlbl90eXBlIjoicmVmcmVzaCIsImV4cCI6MTcxNzU4ODg1MSwiaWF0IjoxNzE3NTAyNDUxLCJqdGkiOiJlMDNmNzIxM2E2Mzc0N2E5ODVmMWNlYjM0NWE3YjRlYyIsInVzZXJfaWQiOjF9.9RUe6zX6IGtdVgMQ6r-XA16pFmSZ7pIuAvO6XpHuUak	2024-06-04 17:00:51.496649+05	2024-06-05 17:00:51+05	1	e03f7213a63747a985f1ceb345a7b4ec
57	eyJhbGciOiJIUzI1NiIsInR5cCI6IkpXVCJ9.eyJ0b2tlbl90eXBlIjoicmVmcmVzaCIsImV4cCI6MTcxNzYwMDA1OCwiaWF0IjoxNzE3NTEzNjU4LCJqdGkiOiI3YTBkMjlkYjlmNWY0Yzk4YWQyYTMzMmQ4ZTZmMDUwZiIsInVzZXJfaWQiOjN9.RKp6pj-HBKlkrak-3ERjFT-dy2f8lQ5E_HtAkTSbuTo	2024-06-04 20:07:38.992481+05	2024-06-05 20:07:38+05	3	7a0d29db9f5f4c98ad2a332d8e6f050f
58	eyJhbGciOiJIUzI1NiIsInR5cCI6IkpXVCJ9.eyJ0b2tlbl90eXBlIjoicmVmcmVzaCIsImV4cCI6MTcxNzYxMDUyMSwiaWF0IjoxNzE3NTI0MTIxLCJqdGkiOiI4MzZjOTBlMGIzYWY0OTMyYjUwYjcyYjc1NzczOTZmMyIsInVzZXJfaWQiOjF9.a3RNFvFUt_j39PyrWhDIpEGNP6Ac4IMI5tZasZ-y308	2024-06-04 23:02:01.357256+05	2024-06-05 23:02:01+05	1	836c90e0b3af4932b50b72b7577396f3
59	eyJhbGciOiJIUzI1NiIsInR5cCI6IkpXVCJ9.eyJ0b2tlbl90eXBlIjoicmVmcmVzaCIsImV4cCI6MTcxNzYxMTAxNSwiaWF0IjoxNzE3NTI0NjE1LCJqdGkiOiJmZDRkMTBjNzUyZTc0Yjc1YmM3OGRjZDYzNThiOWYyNSIsInVzZXJfaWQiOjF9.vM_7nQ7UW2u8MZ0qlXGUYrTK2ZYb4shic8NkA5uFAng	2024-06-04 23:10:15.409611+05	2024-06-05 23:10:15+05	1	fd4d10c752e74b75bc78dcd6358b9f25
60	eyJhbGciOiJIUzI1NiIsInR5cCI6IkpXVCJ9.eyJ0b2tlbl90eXBlIjoicmVmcmVzaCIsImV4cCI6MTcxNzYxMjcyOSwiaWF0IjoxNzE3NTI2MzI5LCJqdGkiOiI4Nzk2Y2NiNzM4MzE0YzAyYTMwNmRjZmI2ZmE1ZWZiMSIsInVzZXJfaWQiOjN9.jYjzoiS3MHfTBKFqoPVMNb9xi-KzNDg7KAM-s3s0Urc	2024-06-04 23:38:49.850914+05	2024-06-05 23:38:49+05	3	8796ccb738314c02a306dcfb6fa5efb1
61	eyJhbGciOiJIUzI1NiIsInR5cCI6IkpXVCJ9.eyJ0b2tlbl90eXBlIjoicmVmcmVzaCIsImV4cCI6MTcxNzYxMzM3MywiaWF0IjoxNzE3NTI2OTczLCJqdGkiOiJkOTI1MDM3Y2Y5YTg0YWI2ODJjMTI1NDIyMzI0NThjOCIsInVzZXJfaWQiOjN9.tArIy5bzhOXKO0kkqhQAKXQGbun74U1XFInin2JRH7U	2024-06-04 23:49:33.573785+05	2024-06-05 23:49:33+05	3	d925037cf9a84ab682c12542232458c8
62	eyJhbGciOiJIUzI1NiIsInR5cCI6IkpXVCJ9.eyJ0b2tlbl90eXBlIjoicmVmcmVzaCIsImV4cCI6MTcxNzYxMzQ3MSwiaWF0IjoxNzE3NTI3MDcxLCJqdGkiOiJlZDUzNmEzZWIwZjY0OWVlYWUzM2NiOTg1N2FlMThlZiIsInVzZXJfaWQiOjN9.JYjpz3Lh-2NdAO8rVCYYf4We4MLjt2wNStiKw_Lzatg	2024-06-04 23:51:11.654153+05	2024-06-05 23:51:11+05	3	ed536a3eb0f649eeae33cb9857ae18ef
63	eyJhbGciOiJIUzI1NiIsInR5cCI6IkpXVCJ9.eyJ0b2tlbl90eXBlIjoicmVmcmVzaCIsImV4cCI6MTcxNzYxMzk5OCwiaWF0IjoxNzE3NTI3NTk4LCJqdGkiOiIzNzZkNDZjN2UzOTE0MWEzOWYyN2EzMDUwZTk0NDA3YiIsInVzZXJfaWQiOjF9.-y8ZF6-Wh3uZ7PwTK3s6R5KSwVeLcRIwGNQ4pDSck3Y	2024-06-04 23:59:58.44918+05	2024-06-05 23:59:58+05	1	376d46c7e39141a39f27a3050e94407b
64	eyJhbGciOiJIUzI1NiIsInR5cCI6IkpXVCJ9.eyJ0b2tlbl90eXBlIjoicmVmcmVzaCIsImV4cCI6MTcxNzYxNDMxNywiaWF0IjoxNzE3NTI3OTE3LCJqdGkiOiJjZjEwYTFmODViNjI0OWFmOTk4MjlhOWIyODY3ZDczNyIsInVzZXJfaWQiOjN9.3Bd4LgQ5-BkUyPjg5n3MbRm-keShvgUzvrxpg1u-fu4	2024-06-05 00:05:17.618503+05	2024-06-06 00:05:17+05	3	cf10a1f85b6249af99829a9b2867d737
65	eyJhbGciOiJIUzI1NiIsInR5cCI6IkpXVCJ9.eyJ0b2tlbl90eXBlIjoicmVmcmVzaCIsImV4cCI6MTcxNzYxNDQ4MywiaWF0IjoxNzE3NTI4MDgzLCJqdGkiOiJlMDY0NjY2NWY3NTM0NDQ0OTQzZmM0YzdmYmY3MTM3MSIsInVzZXJfaWQiOjF9.Ph2PhKTEj5yZALsgenkkSjHqChTqs5L15zzLfJJg5x0	2024-06-05 00:08:03.770776+05	2024-06-06 00:08:03+05	1	e0646665f7534444943fc4c7fbf71371
66	eyJhbGciOiJIUzI1NiIsInR5cCI6IkpXVCJ9.eyJ0b2tlbl90eXBlIjoicmVmcmVzaCIsImV4cCI6MTcxNzY2MDI0NCwiaWF0IjoxNzE3NTczODQ0LCJqdGkiOiJkZWIzNmI3ZmExZDA0NDIyOGM1YWU0OTE3NzMxOTg2NSIsInVzZXJfaWQiOjh9.F4iqKlY87O-6Aw6Tzf8zb8gbDzfeRfnpXEhTixOyTvw	2024-06-05 12:50:44.750644+05	2024-06-06 12:50:44+05	8	deb36b7fa1d044228c5ae49177319865
67	eyJhbGciOiJIUzI1NiIsInR5cCI6IkpXVCJ9.eyJ0b2tlbl90eXBlIjoicmVmcmVzaCIsImV4cCI6MTcxNzY2MTA5MywiaWF0IjoxNzE3NTc0NjkzLCJqdGkiOiJhNDg4YTAxZDkyM2I0ZjhiOWJhZTJhZTUwZGYzNjk4NSIsInVzZXJfaWQiOjF9.VIdb1kQIGzpSk5KpaodnI2Y-O7RMbGeg9xMZfbzcNUU	2024-06-05 13:04:53.699846+05	2024-06-06 13:04:53+05	1	a488a01d923b4f8b9bae2ae50df36985
68	eyJhbGciOiJIUzI1NiIsInR5cCI6IkpXVCJ9.eyJ0b2tlbl90eXBlIjoicmVmcmVzaCIsImV4cCI6MTcxNzY2MzY5OCwiaWF0IjoxNzE3NTc3Mjk4LCJqdGkiOiJkYzNjOGMwOWJiZTI0NjZlOWFiYzhmNWY2YWU5MjFiNCIsInVzZXJfaWQiOjh9.v5pAY9AiPYasHSZ33nI9sUp1GuGR2WE9MuwQwtXmqcc	2024-06-05 13:48:18.039579+05	2024-06-06 13:48:18+05	8	dc3c8c09bbe2466e9abc8f5f6ae921b4
69	eyJhbGciOiJIUzI1NiIsInR5cCI6IkpXVCJ9.eyJ0b2tlbl90eXBlIjoicmVmcmVzaCIsImV4cCI6MTcxNzY2Mzk4MCwiaWF0IjoxNzE3NTc3NTgwLCJqdGkiOiI5NzkxYzI0ZjQ5Zjc0MWM0OTYwNzdjYTJhZDM2NjljZSIsInVzZXJfaWQiOjd9.bFGWAHR8QW1XWEbUjsJVedj32VfrSClfKqEhMFlOIY4	2024-06-05 13:53:00.685183+05	2024-06-06 13:53:00+05	7	9791c24f49f741c496077ca2ad3669ce
70	eyJhbGciOiJIUzI1NiIsInR5cCI6IkpXVCJ9.eyJ0b2tlbl90eXBlIjoicmVmcmVzaCIsImV4cCI6MTcxNzY2NDEyMSwiaWF0IjoxNzE3NTc3NzIxLCJqdGkiOiI1YjE4M2MzOThiNzU0MjdmOGY3YzU5NGU3NTI1YzE2MCIsInVzZXJfaWQiOjF9.Qj26kZ-YKp2z6KYmwbDu-qH0BbwmQQrbOOuhgx5uGU4	2024-06-05 13:55:21.897596+05	2024-06-06 13:55:21+05	1	5b183c398b75427f8f7c594e7525c160
71	eyJhbGciOiJIUzI1NiIsInR5cCI6IkpXVCJ9.eyJ0b2tlbl90eXBlIjoicmVmcmVzaCIsImV4cCI6MTcxNzY5MDI5OCwiaWF0IjoxNzE3NjAzODk4LCJqdGkiOiIyZGQ5M2IyODYxYWE0YjNjOTVhZDkzN2YzMDE1ZDE4ZiIsInVzZXJfaWQiOjF9._Y7oDQF_uWPlXrvQExPFBHilziWefW5iF1R8BU6otHY	2024-06-05 21:11:38.424137+05	2024-06-06 21:11:38+05	1	2dd93b2861aa4b3c95ad937f3015d18f
72	eyJhbGciOiJIUzI1NiIsInR5cCI6IkpXVCJ9.eyJ0b2tlbl90eXBlIjoicmVmcmVzaCIsImV4cCI6MTcxNzc2ODk0MCwiaWF0IjoxNzE3NjgyNTQwLCJqdGkiOiJlYTcyODYwNjBiYWQ0YWM0OTFjNGQ1M2UxNWVkZGQwYyIsInVzZXJfaWQiOjF9.L3GL1U_KXrR6NrMC2EV37LePgDTK74DPL-P3t8eIabc	2024-06-06 19:02:20.341247+05	2024-06-07 19:02:20+05	1	ea7286060bad4ac491c4d53e15eddd0c
73	eyJhbGciOiJIUzI1NiIsInR5cCI6IkpXVCJ9.eyJ0b2tlbl90eXBlIjoicmVmcmVzaCIsImV4cCI6MTcxNzc3MjI2OCwiaWF0IjoxNzE3Njg1ODY4LCJqdGkiOiIyMGM5OTAwYzM1OTE0NDQzYmY0MzMwNTQ2ODViMGM4NSIsInVzZXJfaWQiOjF9.jnXwvhp88PYC4T_wjeFuDuDegrplUpvMIkB82hvGYzs	2024-06-06 19:57:48.222551+05	2024-06-07 19:57:48+05	1	20c9900c35914443bf433054685b0c85
74	eyJhbGciOiJIUzI1NiIsInR5cCI6IkpXVCJ9.eyJ0b2tlbl90eXBlIjoicmVmcmVzaCIsImV4cCI6MTcxNzgzNjA5NSwiaWF0IjoxNzE3NzQ5Njk1LCJqdGkiOiI0MDkyMmJlYzYyYzM0ZTg3OTVhZjRjYjYzNGIzY2EwZiIsInVzZXJfaWQiOjF9.-cCPj4KyAPugMlYD5nYiaV6HlwEvqfk5SAjL9qg0Jm4	2024-06-07 13:41:35.536223+05	2024-06-08 13:41:35+05	1	40922bec62c34e8795af4cb634b3ca0f
75	eyJhbGciOiJIUzI1NiIsInR5cCI6IkpXVCJ9.eyJ0b2tlbl90eXBlIjoicmVmcmVzaCIsImV4cCI6MTcxNzg0NzM2MCwiaWF0IjoxNzE3NzYwOTYwLCJqdGkiOiJiZjg5NjIxYjVmZDM0MGRjOGRlZjU4NjE4ODY5NjA0ZSIsInVzZXJfaWQiOjF9.hizceLClAzTd2waPPzaVPp5Eor4d2Oe6DjHSzMi-lkM	2024-06-07 16:49:20.561295+05	2024-06-08 16:49:20+05	1	bf89621b5fd340dc8def58618869604e
76	eyJhbGciOiJIUzI1NiIsInR5cCI6IkpXVCJ9.eyJ0b2tlbl90eXBlIjoicmVmcmVzaCIsImV4cCI6MTcxNzg0NzQyNywiaWF0IjoxNzE3NzYxMDI3LCJqdGkiOiJhYzZlMjg2ZWMxOGY0NDczOGE1NmI5ZGZmMDU2MjQ1ZSIsInVzZXJfaWQiOjF9.MXJ5yKcx4ZyahRO-1d3kLooZoUwpL1law8s71lg7Z1E	2024-06-07 16:50:27.422337+05	2024-06-08 16:50:27+05	1	ac6e286ec18f44738a56b9dff056245e
77	eyJhbGciOiJIUzI1NiIsInR5cCI6IkpXVCJ9.eyJ0b2tlbl90eXBlIjoicmVmcmVzaCIsImV4cCI6MTcxNzg0NzYxNiwiaWF0IjoxNzE3NzYxMjE2LCJqdGkiOiJhYTU0NTMxNDVlOTM0ZjRiYTAzYmEyN2E5YzliOWM0NCIsInVzZXJfaWQiOjF9.xCY2QKeiGnwyedzi3Io_mjDKQvcJ-HXDB96YHiKpoJA	2024-06-07 16:53:36.972545+05	2024-06-08 16:53:36+05	1	aa5453145e934f4ba03ba27a9c9b9c44
78	eyJhbGciOiJIUzI1NiIsInR5cCI6IkpXVCJ9.eyJ0b2tlbl90eXBlIjoicmVmcmVzaCIsImV4cCI6MTcxNzg1MTUxMiwiaWF0IjoxNzE3NzY1MTEyLCJqdGkiOiIxYzhlNjA0M2QxZTM0MDEzYjM1ZmZhOWUwYjQzYmRmMCIsInVzZXJfaWQiOjF9.djDxAn90VbAo3UDXPQp3ePn0OKJlBxjZlJVXIij0Bcg	2024-06-07 17:58:32.407026+05	2024-06-08 17:58:32+05	1	1c8e6043d1e34013b35ffa9e0b43bdf0
79	eyJhbGciOiJIUzI1NiIsInR5cCI6IkpXVCJ9.eyJ0b2tlbl90eXBlIjoicmVmcmVzaCIsImV4cCI6MTcxNzg1MjgyOCwiaWF0IjoxNzE3NzY2NDI4LCJqdGkiOiI4ZTIxMmMxOWFiMWY0MDAxOGJhMmNmMGExM2RmM2RiYiIsInVzZXJfaWQiOjF9.oHxXaEhPSTHFlzrLKbNap9NSgbWIC2fHZ__Tz-oYw4M	2024-06-07 18:20:28.375096+05	2024-06-08 18:20:28+05	1	8e212c19ab1f40018ba2cf0a13df3dbb
80	eyJhbGciOiJIUzI1NiIsInR5cCI6IkpXVCJ9.eyJ0b2tlbl90eXBlIjoicmVmcmVzaCIsImV4cCI6MTcxNzg1OTU1NywiaWF0IjoxNzE3NzczMTU3LCJqdGkiOiJmYmRkZDE2OTQ5OWE0YTVkYmU2MzA0NjI4ZDZkZjM5NSIsInVzZXJfaWQiOjF9.wxHhzy0gwOrV_Sjf2Er5_SNHo5nB_dq7iZ6_VFuoSgI	2024-06-07 20:12:37.702331+05	2024-06-08 20:12:37+05	1	fbddd169499a4a5dbe6304628d6df395
81	eyJhbGciOiJIUzI1NiIsInR5cCI6IkpXVCJ9.eyJ0b2tlbl90eXBlIjoicmVmcmVzaCIsImV4cCI6MTcxNzg1OTYwNCwiaWF0IjoxNzE3NzczMjA0LCJqdGkiOiJjYTBhZjQxNzM0NDE0YTZhOTIxMmJlMDAyMjQwZmVlNiIsInVzZXJfaWQiOjF9.uqnZjnpqMUWLHPGbVMr1dpzXCDUi9cCx1LX3SjIlI7c	2024-06-07 20:13:24.484333+05	2024-06-08 20:13:24+05	1	ca0af41734414a6a9212be002240fee6
82	eyJhbGciOiJIUzI1NiIsInR5cCI6IkpXVCJ9.eyJ0b2tlbl90eXBlIjoicmVmcmVzaCIsImV4cCI6MTcxNzg1OTcyMSwiaWF0IjoxNzE3NzczMzIxLCJqdGkiOiI4MmQ0ZDBjYTRkMmY0MmVkYjEyODE0ZDMzZjVhOTg4MiIsInVzZXJfaWQiOjF9._rb5E6COjNOJr-dj8bGVale1kIsMGXPUqkqF0NJ_9d4	2024-06-07 20:15:21.172932+05	2024-06-08 20:15:21+05	1	82d4d0ca4d2f42edb12814d33f5a9882
83	eyJhbGciOiJIUzI1NiIsInR5cCI6IkpXVCJ9.eyJ0b2tlbl90eXBlIjoicmVmcmVzaCIsImV4cCI6MTcxNzkyNjY3NSwiaWF0IjoxNzE3ODQwMjc1LCJqdGkiOiJhNjUwYWQ5YWQxNjM0NGVhYWYyM2Q3OTEwMjY0NmU5OCIsInVzZXJfaWQiOjF9.hC-SaWWv-MYf15ssFItM5jeT9fgzt-XA6s3UmJB6aiA	2024-06-08 14:51:15.658457+05	2024-06-09 14:51:15+05	1	a650ad9ad16344eaaf23d79102646e98
84	eyJhbGciOiJIUzI1NiIsInR5cCI6IkpXVCJ9.eyJ0b2tlbl90eXBlIjoicmVmcmVzaCIsImV4cCI6MTcxNzk1MzIxNiwiaWF0IjoxNzE3ODY2ODE2LCJqdGkiOiIwMTAxNTgyMzRmMDM0MTRjOTljNWZmNWU0OGViZDIxOSIsInVzZXJfaWQiOjF9._Qn-RSTZFjx-y4VJHG-1E3txVpAIdJXC__6HFAyUEvc	2024-06-08 22:13:36.880629+05	2024-06-09 22:13:36+05	1	010158234f03414c99c5ff5e48ebd219
85	eyJhbGciOiJIUzI1NiIsInR5cCI6IkpXVCJ9.eyJ0b2tlbl90eXBlIjoicmVmcmVzaCIsImV4cCI6MTcxNzk1OTc0NSwiaWF0IjoxNzE3ODczMzQ1LCJqdGkiOiIyZjdhMzQxNWE1MGU0OThjYTk0MTI2YTBkODUyNjY3MCIsInVzZXJfaWQiOjF9.NJCcP2OZXaYPNDxC4XPzveY9TpsvQ-FIT1uNA5JSAOY	2024-06-09 00:02:25.544985+05	2024-06-10 00:02:25+05	1	2f7a3415a50e498ca94126a0d8526670
86	eyJhbGciOiJIUzI1NiIsInR5cCI6IkpXVCJ9.eyJ0b2tlbl90eXBlIjoicmVmcmVzaCIsImV4cCI6MTcxODAwMDI2NywiaWF0IjoxNzE3OTEzODY3LCJqdGkiOiIyMjY4MmQwYjFkMmE0ZGNlOWU5YjUzMGRjNGI3MTBhNyIsInVzZXJfaWQiOjl9.V742Fce1TPPlJfwnslCe7Mdl9Kc9qy-IIDOQa6EyeNE	2024-06-09 11:17:47.709332+05	2024-06-10 11:17:47+05	9	22682d0b1d2a4dce9e9b530dc4b710a7
87	eyJhbGciOiJIUzI1NiIsInR5cCI6IkpXVCJ9.eyJ0b2tlbl90eXBlIjoicmVmcmVzaCIsImV4cCI6MTcxODAwMTQzNiwiaWF0IjoxNzE3OTE1MDM2LCJqdGkiOiJjZGZjZmRiZjMwOGY0NDVmODVhYjBiMzY5NmI5ODY5MyIsInVzZXJfaWQiOjl9.sqrdIg4jI3p7UfCt0ghNipZ8-x6lOVxx0v1ODZ42CBI	2024-06-09 11:37:16.894565+05	2024-06-10 11:37:16+05	9	cdfcfdbf308f445f85ab0b3696b98693
88	eyJhbGciOiJIUzI1NiIsInR5cCI6IkpXVCJ9.eyJ0b2tlbl90eXBlIjoicmVmcmVzaCIsImV4cCI6MTcxODAwMTQ0NiwiaWF0IjoxNzE3OTE1MDQ2LCJqdGkiOiIzOGFiYjY5NjE5ZGM0MTMwODJlZGNhNzk2MDU2NDI3YSIsInVzZXJfaWQiOjl9.LEG12MWnEc87HnTUuxUSDbsxcB2Wg-B3adImhrLKN64	2024-06-09 11:37:26.964762+05	2024-06-10 11:37:26+05	9	38abb69619dc413082edca796056427a
89	eyJhbGciOiJIUzI1NiIsInR5cCI6IkpXVCJ9.eyJ0b2tlbl90eXBlIjoicmVmcmVzaCIsImV4cCI6MTcxODAwMTQ4MywiaWF0IjoxNzE3OTE1MDgzLCJqdGkiOiJmNDMwNzk5ZTA1ZTA0MDJkYTk2ODhmMGM2NmZiMmRlYSIsInVzZXJfaWQiOjl9.YsB4aWYDbSKeHkZKacI4O5rWdUBUSPqktgHqGJumkeY	2024-06-09 11:38:03.154789+05	2024-06-10 11:38:03+05	9	f430799e05e0402da9688f0c66fb2dea
90	eyJhbGciOiJIUzI1NiIsInR5cCI6IkpXVCJ9.eyJ0b2tlbl90eXBlIjoicmVmcmVzaCIsImV4cCI6MTcxODAwMTQ4OSwiaWF0IjoxNzE3OTE1MDg5LCJqdGkiOiJkZTgyZDBiNTEwMWU0NGViOTc5YjlkZmQ2MmQ4NWQ4MCIsInVzZXJfaWQiOjl9.qvTNylOYcpvJ2rIOv5CLOV0v1oDO-4FACWOrSlCLPQE	2024-06-09 11:38:09.975403+05	2024-06-10 11:38:09+05	9	de82d0b5101e44eb979b9dfd62d85d80
91	eyJhbGciOiJIUzI1NiIsInR5cCI6IkpXVCJ9.eyJ0b2tlbl90eXBlIjoicmVmcmVzaCIsImV4cCI6MTcxODAwMTU5MywiaWF0IjoxNzE3OTE1MTkzLCJqdGkiOiIzODUwMjRlNDZjYjE0Mjg3OTQ0MmM3NWJkMWJiNTdlZSIsInVzZXJfaWQiOjl9.LI0aiiLYonC3PVvyCL1MbzvWc-OxG5SeQ0YfjcdoGE8	2024-06-09 11:39:53.728351+05	2024-06-10 11:39:53+05	9	385024e46cb142879442c75bd1bb57ee
92	eyJhbGciOiJIUzI1NiIsInR5cCI6IkpXVCJ9.eyJ0b2tlbl90eXBlIjoicmVmcmVzaCIsImV4cCI6MTcxODAwMTY1NSwiaWF0IjoxNzE3OTE1MjU1LCJqdGkiOiI1ZDQwMTMwNTJlMWI0NTMwOTcyZWM4ODJjYzJmOGM1ZCIsInVzZXJfaWQiOjl9.zDorDXYnkowpMJFTE_3_NAlvFh357_eddWgOVS92CkE	2024-06-09 11:40:55.471443+05	2024-06-10 11:40:55+05	9	5d4013052e1b4530972ec882cc2f8c5d
93	eyJhbGciOiJIUzI1NiIsInR5cCI6IkpXVCJ9.eyJ0b2tlbl90eXBlIjoicmVmcmVzaCIsImV4cCI6MTcxODAwMTg3NywiaWF0IjoxNzE3OTE1NDc3LCJqdGkiOiJhODA0ZWE1NWI2Nzg0YWFjYTI1Y2E4ZjIyZTBjMDUwOSIsInVzZXJfaWQiOjF9.UqJKNDwKBA7VE0e7x8yVMidpPGSsH5lQPoXFkxyAUeQ	2024-06-09 11:44:37.2043+05	2024-06-10 11:44:37+05	1	a804ea55b6784aaca25ca8f22e0c0509
94	eyJhbGciOiJIUzI1NiIsInR5cCI6IkpXVCJ9.eyJ0b2tlbl90eXBlIjoicmVmcmVzaCIsImV4cCI6MTcxODAwMjIxMiwiaWF0IjoxNzE3OTE1ODEyLCJqdGkiOiJhOWM0YWQ3NzMwNDU0OWY3YjkwNDBiMjRiZGIxOTZmZSIsInVzZXJfaWQiOjl9.HvxadymP7jpRk9a1CdK0WdS6SgulR1gdT6QBtFtKZgQ	2024-06-09 11:50:12.96128+05	2024-06-10 11:50:12+05	9	a9c4ad77304549f7b9040b24bdb196fe
95	eyJhbGciOiJIUzI1NiIsInR5cCI6IkpXVCJ9.eyJ0b2tlbl90eXBlIjoicmVmcmVzaCIsImV4cCI6MTcxODAwMzM1OCwiaWF0IjoxNzE3OTE2OTU4LCJqdGkiOiJjMzJiZmFmM2UwNGU0Y2NmOGNiOWMzYWRmYjFiZjk4YiIsInVzZXJfaWQiOjF9.BFuGpvbqjV0zVp5khuACZtAnYc61xVhv8PrrwGF29yw	2024-06-09 12:09:18.680881+05	2024-06-10 12:09:18+05	1	c32bfaf3e04e4ccf8cb9c3adfb1bf98b
96	eyJhbGciOiJIUzI1NiIsInR5cCI6IkpXVCJ9.eyJ0b2tlbl90eXBlIjoicmVmcmVzaCIsImV4cCI6MTcxODAxNjI4OCwiaWF0IjoxNzE3OTI5ODg4LCJqdGkiOiI1ZTRjYTFhNDg5NTU0MDg2OGU0ZTU2N2ZhZmMyNmU4MSIsInVzZXJfaWQiOjF9.32Q1mYUnNofwMXUJEY6RbbKLrpBD8FZBjBokDfpv6f8	2024-06-09 15:44:48.831663+05	2024-06-10 15:44:48+05	1	5e4ca1a4895540868e4e567fafc26e81
97	eyJhbGciOiJIUzI1NiIsInR5cCI6IkpXVCJ9.eyJ0b2tlbl90eXBlIjoicmVmcmVzaCIsImV4cCI6MTcxODExMjU5NSwiaWF0IjoxNzE4MDI2MTk1LCJqdGkiOiI1MzI3NzdiN2RmN2M0YmQyYjQ5ZGI0ZDE4MTkwZTdkNiIsInVzZXJfaWQiOjF9.uOTX9_igUXGriO8qrgibMthyYhV2PiDneD8E-iJUpAg	2024-06-10 18:29:55.310414+05	2024-06-11 18:29:55+05	1	532777b7df7c4bd2b49db4d18190e7d6
98	eyJhbGciOiJIUzI1NiIsInR5cCI6IkpXVCJ9.eyJ0b2tlbl90eXBlIjoicmVmcmVzaCIsImV4cCI6MTcxODExOTc1MSwiaWF0IjoxNzE4MDMzMzUxLCJqdGkiOiIwYjc5MDVkMDVlOTg0MzQ0OGNhYmZiMzViNjAyMDdiNCIsInVzZXJfaWQiOjF9.PrbMhA8LdtB6GpxkL0GBmOSA60cdqVJ48izBgLA7x8Q	2024-06-10 20:29:11.387957+05	2024-06-11 20:29:11+05	1	0b7905d05e9843448cabfb35b60207b4
99	eyJhbGciOiJIUzI1NiIsInR5cCI6IkpXVCJ9.eyJ0b2tlbl90eXBlIjoicmVmcmVzaCIsImV4cCI6MTcxODE4NTQ5MCwiaWF0IjoxNzE4MDk5MDkwLCJqdGkiOiI3OTA2OGFkOWUxZmE0MzE5YWM0YzFjM2ZlZTc2MzMxMyIsInVzZXJfaWQiOjF9.fKfdwj83vs-T4EgmzADNcwc61rOtN2enfrme7n4DvjY	2024-06-11 14:44:50.322525+05	2024-06-12 14:44:50+05	1	79068ad9e1fa4319ac4c1c3fee763313
100	eyJhbGciOiJIUzI1NiIsInR5cCI6IkpXVCJ9.eyJ0b2tlbl90eXBlIjoicmVmcmVzaCIsImV4cCI6MTcxODIyNjEwMCwiaWF0IjoxNzE4MTM5NzAwLCJqdGkiOiJjYjY5ZmM4NzkwMzk0ZWQ3YjI2ZjcyNGMwNmZiMzc1NyIsInVzZXJfaWQiOjF9.hTccWN6TLJfWEjLSuauJphNrT6Tokf1cMgiLP9ge5dE	2024-06-12 02:01:40.982153+05	2024-06-13 02:01:40+05	1	cb69fc8790394ed7b26f724c06fb3757
101	eyJhbGciOiJIUzI1NiIsInR5cCI6IkpXVCJ9.eyJ0b2tlbl90eXBlIjoicmVmcmVzaCIsImV4cCI6MTcxODI3NTYyMCwiaWF0IjoxNzE4MTg5MjIwLCJqdGkiOiI3ZDAwMjI2NTVmMWM0OThjYjhlZWYwODRhYTcyNzNmMyIsInVzZXJfaWQiOjF9.L3SRqgHLe35M1k8U_20nuEuH6fPeJ3sl4dct5PlxiG4	2024-06-12 15:47:00.541305+05	2024-06-13 15:47:00+05	1	7d0022655f1c498cb8eef084aa7273f3
102	eyJhbGciOiJIUzI1NiIsInR5cCI6IkpXVCJ9.eyJ0b2tlbl90eXBlIjoicmVmcmVzaCIsImV4cCI6MTcxODM0NzYzNSwiaWF0IjoxNzE4MjYxMjM1LCJqdGkiOiIyOTg2OWUzYjAwZjI0YTg2OGFiOWIzM2RmMDkxYjhlNiIsInVzZXJfaWQiOjF9.usxYoa0Qdm82iht0lIQsQU4au_PXxJcyER35hxMzpBw	2024-06-13 11:47:15.019546+05	2024-06-14 11:47:15+05	1	29869e3b00f24a868ab9b33df091b8e6
103	eyJhbGciOiJIUzI1NiIsInR5cCI6IkpXVCJ9.eyJ0b2tlbl90eXBlIjoicmVmcmVzaCIsImV4cCI6MTcxODU2MzcxOCwiaWF0IjoxNzE4NDc3MzE4LCJqdGkiOiJmOWM4OWYxNTQyY2Y0ODU1YjljMGZhOWU2ZjI5N2UyZiIsInVzZXJfaWQiOjF9.DNlvTOfck08YmNHKiAwrygKRL368uWGcOEYUmiGGS0k	2024-06-15 23:48:38.744757+05	2024-06-16 23:48:38+05	1	f9c89f1542cf4855b9c0fa9e6f297e2f
104	eyJhbGciOiJIUzI1NiIsInR5cCI6IkpXVCJ9.eyJ0b2tlbl90eXBlIjoicmVmcmVzaCIsImV4cCI6MTcxODYxNzUxMSwiaWF0IjoxNzE4NTMxMTExLCJqdGkiOiI1MjQxMjE3MGU5Yjc0NWUwYTZhOTdiNmQ1MWI2NmY5YiIsInVzZXJfaWQiOjF9.-u3Zdj9mc4puUnA074B0YdBQ_njpW4ZS0gvH8h02Q1g	2024-06-16 14:45:11.978153+05	2024-06-17 14:45:11+05	1	52412170e9b745e0a6a97b6d51b66f9b
\.


--
-- TOC entry 5171 (class 0 OID 0)
-- Dependencies: 276
-- Name: api_accounting_id_seq; Type: SEQUENCE SET; Schema: public; Owner: postgres
--

SELECT pg_catalog.setval('public.api_accounting_id_seq', 11, true);


--
-- TOC entry 5172 (class 0 OID 0)
-- Dependencies: 268
-- Name: api_attendance_id_seq; Type: SEQUENCE SET; Schema: public; Owner: postgres
--

SELECT pg_catalog.setval('public.api_attendance_id_seq', 7, true);


--
-- TOC entry 5173 (class 0 OID 0)
-- Dependencies: 239
-- Name: api_basket_id_seq; Type: SEQUENCE SET; Schema: public; Owner: postgres
--

SELECT pg_catalog.setval('public.api_basket_id_seq', 10, true);


--
-- TOC entry 5174 (class 0 OID 0)
-- Dependencies: 247
-- Name: api_basketdevice_id_seq; Type: SEQUENCE SET; Schema: public; Owner: postgres
--

SELECT pg_catalog.setval('public.api_basketdevice_id_seq', 303, true);


--
-- TOC entry 5175 (class 0 OID 0)
-- Dependencies: 225
-- Name: api_brand_id_seq; Type: SEQUENCE SET; Schema: public; Owner: postgres
--

SELECT pg_catalog.setval('public.api_brand_id_seq', 7, true);


--
-- TOC entry 5176 (class 0 OID 0)
-- Dependencies: 272
-- Name: api_characteristic_id_seq; Type: SEQUENCE SET; Schema: public; Owner: postgres
--

SELECT pg_catalog.setval('public.api_characteristic_id_seq', 15, true);


--
-- TOC entry 5177 (class 0 OID 0)
-- Dependencies: 237
-- Name: api_comment_id_seq; Type: SEQUENCE SET; Schema: public; Owner: postgres
--

SELECT pg_catalog.setval('public.api_comment_id_seq', 6, true);


--
-- TOC entry 5178 (class 0 OID 0)
-- Dependencies: 260
-- Name: api_deliveryorder_id_seq; Type: SEQUENCE SET; Schema: public; Owner: postgres
--

SELECT pg_catalog.setval('public.api_deliveryorder_id_seq', 34, true);


--
-- TOC entry 5179 (class 0 OID 0)
-- Dependencies: 235
-- Name: api_device_id_seq; Type: SEQUENCE SET; Schema: public; Owner: postgres
--

SELECT pg_catalog.setval('public.api_device_id_seq', 10, true);


--
-- TOC entry 5180 (class 0 OID 0)
-- Dependencies: 274
-- Name: api_devicecharacteristic_id_seq; Type: SEQUENCE SET; Schema: public; Owner: postgres
--

SELECT pg_catalog.setval('public.api_devicecharacteristic_id_seq', 34, true);


--
-- TOC entry 5181 (class 0 OID 0)
-- Dependencies: 258
-- Name: api_order_id_seq; Type: SEQUENCE SET; Schema: public; Owner: postgres
--

SELECT pg_catalog.setval('public.api_order_id_seq', 92, true);


--
-- TOC entry 5182 (class 0 OID 0)
-- Dependencies: 262
-- Name: api_orderdevice_id_seq; Type: SEQUENCE SET; Schema: public; Owner: postgres
--

SELECT pg_catalog.setval('public.api_orderdevice_id_seq', 159, true);


--
-- TOC entry 5183 (class 0 OID 0)
-- Dependencies: 264
-- Name: api_pickuporder_id_seq; Type: SEQUENCE SET; Schema: public; Owner: postgres
--

SELECT pg_catalog.setval('public.api_pickuporder_id_seq', 7, true);


--
-- TOC entry 5184 (class 0 OID 0)
-- Dependencies: 241
-- Name: api_profile_id_seq; Type: SEQUENCE SET; Schema: public; Owner: postgres
--

SELECT pg_catalog.setval('public.api_profile_id_seq', 10, true);


--
-- TOC entry 5185 (class 0 OID 0)
-- Dependencies: 243
-- Name: api_rating_id_seq; Type: SEQUENCE SET; Schema: public; Owner: postgres
--

SELECT pg_catalog.setval('public.api_rating_id_seq', 10, true);


--
-- TOC entry 5186 (class 0 OID 0)
-- Dependencies: 254
-- Name: api_status_id_seq; Type: SEQUENCE SET; Schema: public; Owner: postgres
--

SELECT pg_catalog.setval('public.api_status_id_seq', 7, true);


--
-- TOC entry 5187 (class 0 OID 0)
-- Dependencies: 227
-- Name: api_type_id_seq; Type: SEQUENCE SET; Schema: public; Owner: postgres
--

SELECT pg_catalog.setval('public.api_type_id_seq', 4, true);


--
-- TOC entry 5188 (class 0 OID 0)
-- Dependencies: 256
-- Name: api_typeorder_id_seq; Type: SEQUENCE SET; Schema: public; Owner: postgres
--

SELECT pg_catalog.setval('public.api_typeorder_id_seq', 2, true);


--
-- TOC entry 5189 (class 0 OID 0)
-- Dependencies: 231
-- Name: api_user_groups_id_seq; Type: SEQUENCE SET; Schema: public; Owner: postgres
--

SELECT pg_catalog.setval('public.api_user_groups_id_seq', 1, false);


--
-- TOC entry 5190 (class 0 OID 0)
-- Dependencies: 229
-- Name: api_user_id_seq; Type: SEQUENCE SET; Schema: public; Owner: postgres
--

SELECT pg_catalog.setval('public.api_user_id_seq', 10, true);


--
-- TOC entry 5191 (class 0 OID 0)
-- Dependencies: 233
-- Name: api_user_user_permissions_id_seq; Type: SEQUENCE SET; Schema: public; Owner: postgres
--

SELECT pg_catalog.setval('public.api_user_user_permissions_id_seq', 1, false);


--
-- TOC entry 5192 (class 0 OID 0)
-- Dependencies: 270
-- Name: api_userlogin_id_seq; Type: SEQUENCE SET; Schema: public; Owner: postgres
--

SELECT pg_catalog.setval('public.api_userlogin_id_seq', 29, true);


--
-- TOC entry 5193 (class 0 OID 0)
-- Dependencies: 266
-- Name: api_wallet_id_seq; Type: SEQUENCE SET; Schema: public; Owner: postgres
--

SELECT pg_catalog.setval('public.api_wallet_id_seq', 9, true);


--
-- TOC entry 5194 (class 0 OID 0)
-- Dependencies: 221
-- Name: auth_group_id_seq; Type: SEQUENCE SET; Schema: public; Owner: postgres
--

SELECT pg_catalog.setval('public.auth_group_id_seq', 1, false);


--
-- TOC entry 5195 (class 0 OID 0)
-- Dependencies: 223
-- Name: auth_group_permissions_id_seq; Type: SEQUENCE SET; Schema: public; Owner: postgres
--

SELECT pg_catalog.setval('public.auth_group_permissions_id_seq', 1, false);


--
-- TOC entry 5196 (class 0 OID 0)
-- Dependencies: 219
-- Name: auth_permission_id_seq; Type: SEQUENCE SET; Schema: public; Owner: postgres
--

SELECT pg_catalog.setval('public.auth_permission_id_seq', 112, true);


--
-- TOC entry 5197 (class 0 OID 0)
-- Dependencies: 245
-- Name: django_admin_log_id_seq; Type: SEQUENCE SET; Schema: public; Owner: postgres
--

SELECT pg_catalog.setval('public.django_admin_log_id_seq', 1, true);


--
-- TOC entry 5198 (class 0 OID 0)
-- Dependencies: 217
-- Name: django_content_type_id_seq; Type: SEQUENCE SET; Schema: public; Owner: postgres
--

SELECT pg_catalog.setval('public.django_content_type_id_seq', 28, true);


--
-- TOC entry 5199 (class 0 OID 0)
-- Dependencies: 215
-- Name: django_migrations_id_seq; Type: SEQUENCE SET; Schema: public; Owner: postgres
--

SELECT pg_catalog.setval('public.django_migrations_id_seq', 54, true);


--
-- TOC entry 5200 (class 0 OID 0)
-- Dependencies: 250
-- Name: token_blacklist_blacklistedtoken_id_seq; Type: SEQUENCE SET; Schema: public; Owner: postgres
--

SELECT pg_catalog.setval('public.token_blacklist_blacklistedtoken_id_seq', 1, false);


--
-- TOC entry 5201 (class 0 OID 0)
-- Dependencies: 252
-- Name: token_blacklist_outstandingtoken_id_seq; Type: SEQUENCE SET; Schema: public; Owner: postgres
--

SELECT pg_catalog.setval('public.token_blacklist_outstandingtoken_id_seq', 104, true);


--
-- TOC entry 4926 (class 2606 OID 57722)
-- Name: api_accounting api_accounting_pkey; Type: CONSTRAINT; Schema: public; Owner: postgres
--

ALTER TABLE ONLY public.api_accounting
    ADD CONSTRAINT api_accounting_pkey PRIMARY KEY (id);


--
-- TOC entry 4913 (class 2606 OID 57671)
-- Name: api_attendance api_attendance_pkey; Type: CONSTRAINT; Schema: public; Owner: postgres
--

ALTER TABLE ONLY public.api_attendance
    ADD CONSTRAINT api_attendance_pkey PRIMARY KEY (id);


--
-- TOC entry 4851 (class 2606 OID 41689)
-- Name: api_basket api_basket_pkey; Type: CONSTRAINT; Schema: public; Owner: postgres
--

ALTER TABLE ONLY public.api_basket
    ADD CONSTRAINT api_basket_pkey PRIMARY KEY (id);


--
-- TOC entry 4853 (class 2606 OID 41691)
-- Name: api_basket api_basket_user_id_key; Type: CONSTRAINT; Schema: public; Owner: postgres
--

ALTER TABLE ONLY public.api_basket
    ADD CONSTRAINT api_basket_user_id_key UNIQUE (user_id);


--
-- TOC entry 4869 (class 2606 OID 41827)
-- Name: api_basketdevice api_basketdevice_pkey; Type: CONSTRAINT; Schema: public; Owner: postgres
--

ALTER TABLE ONLY public.api_basketdevice
    ADD CONSTRAINT api_basketdevice_pkey PRIMARY KEY (id);


--
-- TOC entry 4814 (class 2606 OID 41635)
-- Name: api_brand api_brand_name_key; Type: CONSTRAINT; Schema: public; Owner: postgres
--

ALTER TABLE ONLY public.api_brand
    ADD CONSTRAINT api_brand_name_key UNIQUE (name);


--
-- TOC entry 4816 (class 2606 OID 41633)
-- Name: api_brand api_brand_pkey; Type: CONSTRAINT; Schema: public; Owner: postgres
--

ALTER TABLE ONLY public.api_brand
    ADD CONSTRAINT api_brand_pkey PRIMARY KEY (id);


--
-- TOC entry 4918 (class 2606 OID 57690)
-- Name: api_characteristic api_characteristic_pkey; Type: CONSTRAINT; Schema: public; Owner: postgres
--

ALTER TABLE ONLY public.api_characteristic
    ADD CONSTRAINT api_characteristic_pkey PRIMARY KEY (id);


--
-- TOC entry 4848 (class 2606 OID 41683)
-- Name: api_comment api_comment_pkey; Type: CONSTRAINT; Schema: public; Owner: postgres
--

ALTER TABLE ONLY public.api_comment
    ADD CONSTRAINT api_comment_pkey PRIMARY KEY (id);


--
-- TOC entry 4897 (class 2606 OID 49410)
-- Name: api_deliveryorder api_deliveryorder_order_id_key; Type: CONSTRAINT; Schema: public; Owner: postgres
--

ALTER TABLE ONLY public.api_deliveryorder
    ADD CONSTRAINT api_deliveryorder_order_id_key UNIQUE (order_id);


--
-- TOC entry 4899 (class 2606 OID 49408)
-- Name: api_deliveryorder api_deliveryorder_pkey; Type: CONSTRAINT; Schema: public; Owner: postgres
--

ALTER TABLE ONLY public.api_deliveryorder
    ADD CONSTRAINT api_deliveryorder_pkey PRIMARY KEY (id);


--
-- TOC entry 4842 (class 2606 OID 41675)
-- Name: api_device api_device_name_device_key; Type: CONSTRAINT; Schema: public; Owner: postgres
--

ALTER TABLE ONLY public.api_device
    ADD CONSTRAINT api_device_name_device_key UNIQUE (name_device);


--
-- TOC entry 4844 (class 2606 OID 41673)
-- Name: api_device api_device_pkey; Type: CONSTRAINT; Schema: public; Owner: postgres
--

ALTER TABLE ONLY public.api_device
    ADD CONSTRAINT api_device_pkey PRIMARY KEY (id);


--
-- TOC entry 4923 (class 2606 OID 57696)
-- Name: api_devicecharacteristic api_devicecharacteristic_pkey; Type: CONSTRAINT; Schema: public; Owner: postgres
--

ALTER TABLE ONLY public.api_devicecharacteristic
    ADD CONSTRAINT api_devicecharacteristic_pkey PRIMARY KEY (id);


--
-- TOC entry 4890 (class 2606 OID 49472)
-- Name: api_order api_order_number_order_a9949c55_uniq; Type: CONSTRAINT; Schema: public; Owner: postgres
--

ALTER TABLE ONLY public.api_order
    ADD CONSTRAINT api_order_number_order_a9949c55_uniq UNIQUE (number_order);


--
-- TOC entry 4892 (class 2606 OID 49400)
-- Name: api_order api_order_pkey; Type: CONSTRAINT; Schema: public; Owner: postgres
--

ALTER TABLE ONLY public.api_order
    ADD CONSTRAINT api_order_pkey PRIMARY KEY (id);


--
-- TOC entry 4903 (class 2606 OID 49416)
-- Name: api_orderdevice api_orderdevice_pkey; Type: CONSTRAINT; Schema: public; Owner: postgres
--

ALTER TABLE ONLY public.api_orderdevice
    ADD CONSTRAINT api_orderdevice_pkey PRIMARY KEY (id);


--
-- TOC entry 4905 (class 2606 OID 49424)
-- Name: api_pickuporder api_pickuporder_order_id_key; Type: CONSTRAINT; Schema: public; Owner: postgres
--

ALTER TABLE ONLY public.api_pickuporder
    ADD CONSTRAINT api_pickuporder_order_id_key UNIQUE (order_id);


--
-- TOC entry 4907 (class 2606 OID 49422)
-- Name: api_pickuporder api_pickuporder_pkey; Type: CONSTRAINT; Schema: public; Owner: postgres
--

ALTER TABLE ONLY public.api_pickuporder
    ADD CONSTRAINT api_pickuporder_pkey PRIMARY KEY (id);


--
-- TOC entry 4855 (class 2606 OID 41697)
-- Name: api_profile api_profile_pkey; Type: CONSTRAINT; Schema: public; Owner: postgres
--

ALTER TABLE ONLY public.api_profile
    ADD CONSTRAINT api_profile_pkey PRIMARY KEY (id);


--
-- TOC entry 4857 (class 2606 OID 41701)
-- Name: api_profile api_profile_user_id_key; Type: CONSTRAINT; Schema: public; Owner: postgres
--

ALTER TABLE ONLY public.api_profile
    ADD CONSTRAINT api_profile_user_id_key UNIQUE (user_id);


--
-- TOC entry 4859 (class 2606 OID 41710)
-- Name: api_rating api_rating_device_id_id_key; Type: CONSTRAINT; Schema: public; Owner: postgres
--

ALTER TABLE ONLY public.api_rating
    ADD CONSTRAINT api_rating_device_id_id_key UNIQUE (device_id_id);


--
-- TOC entry 4861 (class 2606 OID 41708)
-- Name: api_rating api_rating_pkey; Type: CONSTRAINT; Schema: public; Owner: postgres
--

ALTER TABLE ONLY public.api_rating
    ADD CONSTRAINT api_rating_pkey PRIMARY KEY (id);


--
-- TOC entry 4885 (class 2606 OID 49388)
-- Name: api_status api_status_pkey; Type: CONSTRAINT; Schema: public; Owner: postgres
--

ALTER TABLE ONLY public.api_status
    ADD CONSTRAINT api_status_pkey PRIMARY KEY (id);


--
-- TOC entry 4819 (class 2606 OID 41643)
-- Name: api_type api_type_name_key; Type: CONSTRAINT; Schema: public; Owner: postgres
--

ALTER TABLE ONLY public.api_type
    ADD CONSTRAINT api_type_name_key UNIQUE (name);


--
-- TOC entry 4821 (class 2606 OID 41641)
-- Name: api_type api_type_pkey; Type: CONSTRAINT; Schema: public; Owner: postgres
--

ALTER TABLE ONLY public.api_type
    ADD CONSTRAINT api_type_pkey PRIMARY KEY (id);


--
-- TOC entry 4887 (class 2606 OID 49394)
-- Name: api_typeorder api_typeorder_pkey; Type: CONSTRAINT; Schema: public; Owner: postgres
--

ALTER TABLE ONLY public.api_typeorder
    ADD CONSTRAINT api_typeorder_pkey PRIMARY KEY (id);


--
-- TOC entry 4824 (class 2606 OID 41653)
-- Name: api_user api_user_email_key; Type: CONSTRAINT; Schema: public; Owner: postgres
--

ALTER TABLE ONLY public.api_user
    ADD CONSTRAINT api_user_email_key UNIQUE (email);


--
-- TOC entry 4829 (class 2606 OID 41659)
-- Name: api_user_groups api_user_groups_pkey; Type: CONSTRAINT; Schema: public; Owner: postgres
--

ALTER TABLE ONLY public.api_user_groups
    ADD CONSTRAINT api_user_groups_pkey PRIMARY KEY (id);


--
-- TOC entry 4832 (class 2606 OID 41725)
-- Name: api_user_groups api_user_groups_user_id_group_id_9c7ddfb5_uniq; Type: CONSTRAINT; Schema: public; Owner: postgres
--

ALTER TABLE ONLY public.api_user_groups
    ADD CONSTRAINT api_user_groups_user_id_group_id_9c7ddfb5_uniq UNIQUE (user_id, group_id);


--
-- TOC entry 4826 (class 2606 OID 41651)
-- Name: api_user api_user_pkey; Type: CONSTRAINT; Schema: public; Owner: postgres
--

ALTER TABLE ONLY public.api_user
    ADD CONSTRAINT api_user_pkey PRIMARY KEY (id);


--
-- TOC entry 4835 (class 2606 OID 41665)
-- Name: api_user_user_permissions api_user_user_permissions_pkey; Type: CONSTRAINT; Schema: public; Owner: postgres
--

ALTER TABLE ONLY public.api_user_user_permissions
    ADD CONSTRAINT api_user_user_permissions_pkey PRIMARY KEY (id);


--
-- TOC entry 4838 (class 2606 OID 41739)
-- Name: api_user_user_permissions api_user_user_permissions_user_id_permission_id_a06dd704_uniq; Type: CONSTRAINT; Schema: public; Owner: postgres
--

ALTER TABLE ONLY public.api_user_user_permissions
    ADD CONSTRAINT api_user_user_permissions_user_id_permission_id_a06dd704_uniq UNIQUE (user_id, permission_id);


--
-- TOC entry 4915 (class 2606 OID 57678)
-- Name: api_userlogin api_userlogin_pkey; Type: CONSTRAINT; Schema: public; Owner: postgres
--

ALTER TABLE ONLY public.api_userlogin
    ADD CONSTRAINT api_userlogin_pkey PRIMARY KEY (id);


--
-- TOC entry 4909 (class 2606 OID 49481)
-- Name: api_wallet api_wallet_pkey; Type: CONSTRAINT; Schema: public; Owner: postgres
--

ALTER TABLE ONLY public.api_wallet
    ADD CONSTRAINT api_wallet_pkey PRIMARY KEY (id);


--
-- TOC entry 4911 (class 2606 OID 49483)
-- Name: api_wallet api_wallet_user_id_key; Type: CONSTRAINT; Schema: public; Owner: postgres
--

ALTER TABLE ONLY public.api_wallet
    ADD CONSTRAINT api_wallet_user_id_key UNIQUE (user_id);


--
-- TOC entry 4803 (class 2606 OID 41626)
-- Name: auth_group auth_group_name_key; Type: CONSTRAINT; Schema: public; Owner: postgres
--

ALTER TABLE ONLY public.auth_group
    ADD CONSTRAINT auth_group_name_key UNIQUE (name);


--
-- TOC entry 4808 (class 2606 OID 41612)
-- Name: auth_group_permissions auth_group_permissions_group_id_permission_id_0cd325b0_uniq; Type: CONSTRAINT; Schema: public; Owner: postgres
--

ALTER TABLE ONLY public.auth_group_permissions
    ADD CONSTRAINT auth_group_permissions_group_id_permission_id_0cd325b0_uniq UNIQUE (group_id, permission_id);


--
-- TOC entry 4811 (class 2606 OID 41601)
-- Name: auth_group_permissions auth_group_permissions_pkey; Type: CONSTRAINT; Schema: public; Owner: postgres
--

ALTER TABLE ONLY public.auth_group_permissions
    ADD CONSTRAINT auth_group_permissions_pkey PRIMARY KEY (id);


--
-- TOC entry 4805 (class 2606 OID 41593)
-- Name: auth_group auth_group_pkey; Type: CONSTRAINT; Schema: public; Owner: postgres
--

ALTER TABLE ONLY public.auth_group
    ADD CONSTRAINT auth_group_pkey PRIMARY KEY (id);


--
-- TOC entry 4798 (class 2606 OID 41603)
-- Name: auth_permission auth_permission_content_type_id_codename_01ab375a_uniq; Type: CONSTRAINT; Schema: public; Owner: postgres
--

ALTER TABLE ONLY public.auth_permission
    ADD CONSTRAINT auth_permission_content_type_id_codename_01ab375a_uniq UNIQUE (content_type_id, codename);


--
-- TOC entry 4800 (class 2606 OID 41587)
-- Name: auth_permission auth_permission_pkey; Type: CONSTRAINT; Schema: public; Owner: postgres
--

ALTER TABLE ONLY public.auth_permission
    ADD CONSTRAINT auth_permission_pkey PRIMARY KEY (id);


--
-- TOC entry 4864 (class 2606 OID 41803)
-- Name: django_admin_log django_admin_log_pkey; Type: CONSTRAINT; Schema: public; Owner: postgres
--

ALTER TABLE ONLY public.django_admin_log
    ADD CONSTRAINT django_admin_log_pkey PRIMARY KEY (id);


--
-- TOC entry 4793 (class 2606 OID 41581)
-- Name: django_content_type django_content_type_app_label_model_76bd3d3b_uniq; Type: CONSTRAINT; Schema: public; Owner: postgres
--

ALTER TABLE ONLY public.django_content_type
    ADD CONSTRAINT django_content_type_app_label_model_76bd3d3b_uniq UNIQUE (app_label, model);


--
-- TOC entry 4795 (class 2606 OID 41579)
-- Name: django_content_type django_content_type_pkey; Type: CONSTRAINT; Schema: public; Owner: postgres
--

ALTER TABLE ONLY public.django_content_type
    ADD CONSTRAINT django_content_type_pkey PRIMARY KEY (id);


--
-- TOC entry 4791 (class 2606 OID 41573)
-- Name: django_migrations django_migrations_pkey; Type: CONSTRAINT; Schema: public; Owner: postgres
--

ALTER TABLE ONLY public.django_migrations
    ADD CONSTRAINT django_migrations_pkey PRIMARY KEY (id);


--
-- TOC entry 4872 (class 2606 OID 41846)
-- Name: django_session django_session_pkey; Type: CONSTRAINT; Schema: public; Owner: postgres
--

ALTER TABLE ONLY public.django_session
    ADD CONSTRAINT django_session_pkey PRIMARY KEY (session_key);


--
-- TOC entry 4875 (class 2606 OID 41888)
-- Name: token_blacklist_blacklistedtoken token_blacklist_blacklistedtoken_pkey; Type: CONSTRAINT; Schema: public; Owner: postgres
--

ALTER TABLE ONLY public.token_blacklist_blacklistedtoken
    ADD CONSTRAINT token_blacklist_blacklistedtoken_pkey PRIMARY KEY (id);


--
-- TOC entry 4877 (class 2606 OID 41909)
-- Name: token_blacklist_blacklistedtoken token_blacklist_blacklistedtoken_token_id_key; Type: CONSTRAINT; Schema: public; Owner: postgres
--

ALTER TABLE ONLY public.token_blacklist_blacklistedtoken
    ADD CONSTRAINT token_blacklist_blacklistedtoken_token_id_key UNIQUE (token_id);


--
-- TOC entry 4880 (class 2606 OID 41879)
-- Name: token_blacklist_outstandingtoken token_blacklist_outstandingtoken_jti_hex_d9bdf6f7_uniq; Type: CONSTRAINT; Schema: public; Owner: postgres
--

ALTER TABLE ONLY public.token_blacklist_outstandingtoken
    ADD CONSTRAINT token_blacklist_outstandingtoken_jti_hex_d9bdf6f7_uniq UNIQUE (jti);


--
-- TOC entry 4882 (class 2606 OID 41897)
-- Name: token_blacklist_outstandingtoken token_blacklist_outstandingtoken_pkey; Type: CONSTRAINT; Schema: public; Owner: postgres
--

ALTER TABLE ONLY public.token_blacklist_outstandingtoken
    ADD CONSTRAINT token_blacklist_outstandingtoken_pkey PRIMARY KEY (id);


--
-- TOC entry 4924 (class 1259 OID 57728)
-- Name: api_accounting_device_id_d95fc22c; Type: INDEX; Schema: public; Owner: postgres
--

CREATE INDEX api_accounting_device_id_d95fc22c ON public.api_accounting USING btree (device_id);


--
-- TOC entry 4866 (class 1259 OID 41928)
-- Name: api_basketdevice_basket_id_887f1472; Type: INDEX; Schema: public; Owner: postgres
--

CREATE INDEX api_basketdevice_basket_id_887f1472 ON public.api_basketdevice USING btree (basket_id);


--
-- TOC entry 4867 (class 1259 OID 49465)
-- Name: api_basketdevice_device_id_d53197d7; Type: INDEX; Schema: public; Owner: postgres
--

CREATE INDEX api_basketdevice_device_id_d53197d7 ON public.api_basketdevice USING btree (device_id);


--
-- TOC entry 4812 (class 1259 OID 41721)
-- Name: api_brand_name_afa35a66_like; Type: INDEX; Schema: public; Owner: postgres
--

CREATE INDEX api_brand_name_afa35a66_like ON public.api_brand USING btree (name varchar_pattern_ops);


--
-- TOC entry 4919 (class 1259 OID 57702)
-- Name: api_characteristic_type_id_8485bd33; Type: INDEX; Schema: public; Owner: postgres
--

CREATE INDEX api_characteristic_type_id_8485bd33 ON public.api_characteristic USING btree (type_id);


--
-- TOC entry 4846 (class 1259 OID 41770)
-- Name: api_comment_device_id_3070a4e7; Type: INDEX; Schema: public; Owner: postgres
--

CREATE INDEX api_comment_device_id_3070a4e7 ON public.api_comment USING btree (device_id);


--
-- TOC entry 4849 (class 1259 OID 41769)
-- Name: api_comment_user_id_14315666; Type: INDEX; Schema: public; Owner: postgres
--

CREATE INDEX api_comment_user_id_14315666 ON public.api_comment USING btree (user_id);


--
-- TOC entry 4839 (class 1259 OID 41758)
-- Name: api_device_brand_id_02e0bebb; Type: INDEX; Schema: public; Owner: postgres
--

CREATE INDEX api_device_brand_id_02e0bebb ON public.api_device USING btree (brand_id);


--
-- TOC entry 4840 (class 1259 OID 41757)
-- Name: api_device_name_device_6977f6e9_like; Type: INDEX; Schema: public; Owner: postgres
--

CREATE INDEX api_device_name_device_6977f6e9_like ON public.api_device USING btree (name_device varchar_pattern_ops);


--
-- TOC entry 4845 (class 1259 OID 41794)
-- Name: api_device_type_id_d97d1232; Type: INDEX; Schema: public; Owner: postgres
--

CREATE INDEX api_device_type_id_d97d1232 ON public.api_device USING btree (type_id);


--
-- TOC entry 4920 (class 1259 OID 57713)
-- Name: api_devicecharacteristic_characteristic_id_137130a1; Type: INDEX; Schema: public; Owner: postgres
--

CREATE INDEX api_devicecharacteristic_characteristic_id_137130a1 ON public.api_devicecharacteristic USING btree (characteristic_id);


--
-- TOC entry 4921 (class 1259 OID 57714)
-- Name: api_devicecharacteristic_device_id_4b107847; Type: INDEX; Schema: public; Owner: postgres
--

CREATE INDEX api_devicecharacteristic_device_id_4b107847 ON public.api_devicecharacteristic USING btree (device_id);


--
-- TOC entry 4888 (class 1259 OID 49473)
-- Name: api_order_number_order_a9949c55_like; Type: INDEX; Schema: public; Owner: postgres
--

CREATE INDEX api_order_number_order_a9949c55_like ON public.api_order USING btree (number_order varchar_pattern_ops);


--
-- TOC entry 4893 (class 1259 OID 49441)
-- Name: api_order_status_id_f0392396; Type: INDEX; Schema: public; Owner: postgres
--

CREATE INDEX api_order_status_id_f0392396 ON public.api_order USING btree (status_id);


--
-- TOC entry 4894 (class 1259 OID 49442)
-- Name: api_order_type_order_id_21381c2e; Type: INDEX; Schema: public; Owner: postgres
--

CREATE INDEX api_order_type_order_id_21381c2e ON public.api_order USING btree (type_order_id);


--
-- TOC entry 4895 (class 1259 OID 49440)
-- Name: api_order_user_id_52781ff0; Type: INDEX; Schema: public; Owner: postgres
--

CREATE INDEX api_order_user_id_52781ff0 ON public.api_order USING btree (user_id);


--
-- TOC entry 4900 (class 1259 OID 49458)
-- Name: api_orderdevice_device_id_835ed31b; Type: INDEX; Schema: public; Owner: postgres
--

CREATE INDEX api_orderdevice_device_id_835ed31b ON public.api_orderdevice USING btree (device_id);


--
-- TOC entry 4901 (class 1259 OID 49459)
-- Name: api_orderdevice_order_id_9f3f2589; Type: INDEX; Schema: public; Owner: postgres
--

CREATE INDEX api_orderdevice_order_id_9f3f2589 ON public.api_orderdevice USING btree (order_id);


--
-- TOC entry 4817 (class 1259 OID 41722)
-- Name: api_type_name_9c0945a8_like; Type: INDEX; Schema: public; Owner: postgres
--

CREATE INDEX api_type_name_9c0945a8_like ON public.api_type USING btree (name varchar_pattern_ops);


--
-- TOC entry 4822 (class 1259 OID 41723)
-- Name: api_user_email_9ef5afa6_like; Type: INDEX; Schema: public; Owner: postgres
--

CREATE INDEX api_user_email_9ef5afa6_like ON public.api_user USING btree (email varchar_pattern_ops);


--
-- TOC entry 4827 (class 1259 OID 41737)
-- Name: api_user_groups_group_id_3af85785; Type: INDEX; Schema: public; Owner: postgres
--

CREATE INDEX api_user_groups_group_id_3af85785 ON public.api_user_groups USING btree (group_id);


--
-- TOC entry 4830 (class 1259 OID 41736)
-- Name: api_user_groups_user_id_a5ff39fa; Type: INDEX; Schema: public; Owner: postgres
--

CREATE INDEX api_user_groups_user_id_a5ff39fa ON public.api_user_groups USING btree (user_id);


--
-- TOC entry 4833 (class 1259 OID 41751)
-- Name: api_user_user_permissions_permission_id_305b7fea; Type: INDEX; Schema: public; Owner: postgres
--

CREATE INDEX api_user_user_permissions_permission_id_305b7fea ON public.api_user_user_permissions USING btree (permission_id);


--
-- TOC entry 4836 (class 1259 OID 41750)
-- Name: api_user_user_permissions_user_id_f3945d65; Type: INDEX; Schema: public; Owner: postgres
--

CREATE INDEX api_user_user_permissions_user_id_f3945d65 ON public.api_user_user_permissions USING btree (user_id);


--
-- TOC entry 4916 (class 1259 OID 57684)
-- Name: api_userlogin_user_id_db633db8; Type: INDEX; Schema: public; Owner: postgres
--

CREATE INDEX api_userlogin_user_id_db633db8 ON public.api_userlogin USING btree (user_id);


--
-- TOC entry 4801 (class 1259 OID 41627)
-- Name: auth_group_name_a6ea08ec_like; Type: INDEX; Schema: public; Owner: postgres
--

CREATE INDEX auth_group_name_a6ea08ec_like ON public.auth_group USING btree (name varchar_pattern_ops);


--
-- TOC entry 4806 (class 1259 OID 41623)
-- Name: auth_group_permissions_group_id_b120cbf9; Type: INDEX; Schema: public; Owner: postgres
--

CREATE INDEX auth_group_permissions_group_id_b120cbf9 ON public.auth_group_permissions USING btree (group_id);


--
-- TOC entry 4809 (class 1259 OID 41624)
-- Name: auth_group_permissions_permission_id_84c5c92e; Type: INDEX; Schema: public; Owner: postgres
--

CREATE INDEX auth_group_permissions_permission_id_84c5c92e ON public.auth_group_permissions USING btree (permission_id);


--
-- TOC entry 4796 (class 1259 OID 41609)
-- Name: auth_permission_content_type_id_2f476e4b; Type: INDEX; Schema: public; Owner: postgres
--

CREATE INDEX auth_permission_content_type_id_2f476e4b ON public.auth_permission USING btree (content_type_id);


--
-- TOC entry 4862 (class 1259 OID 41814)
-- Name: django_admin_log_content_type_id_c4bce8eb; Type: INDEX; Schema: public; Owner: postgres
--

CREATE INDEX django_admin_log_content_type_id_c4bce8eb ON public.django_admin_log USING btree (content_type_id);


--
-- TOC entry 4865 (class 1259 OID 41815)
-- Name: django_admin_log_user_id_c564eba6; Type: INDEX; Schema: public; Owner: postgres
--

CREATE INDEX django_admin_log_user_id_c564eba6 ON public.django_admin_log USING btree (user_id);


--
-- TOC entry 4870 (class 1259 OID 41848)
-- Name: django_session_expire_date_a5c62663; Type: INDEX; Schema: public; Owner: postgres
--

CREATE INDEX django_session_expire_date_a5c62663 ON public.django_session USING btree (expire_date);


--
-- TOC entry 4873 (class 1259 OID 41847)
-- Name: django_session_session_key_c0390e0f_like; Type: INDEX; Schema: public; Owner: postgres
--

CREATE INDEX django_session_session_key_c0390e0f_like ON public.django_session USING btree (session_key varchar_pattern_ops);


--
-- TOC entry 4878 (class 1259 OID 41880)
-- Name: token_blacklist_outstandingtoken_jti_hex_d9bdf6f7_like; Type: INDEX; Schema: public; Owner: postgres
--

CREATE INDEX token_blacklist_outstandingtoken_jti_hex_d9bdf6f7_like ON public.token_blacklist_outstandingtoken USING btree (jti varchar_pattern_ops);


--
-- TOC entry 4883 (class 1259 OID 41877)
-- Name: token_blacklist_outstandingtoken_user_id_83bc629a; Type: INDEX; Schema: public; Owner: postgres
--

CREATE INDEX token_blacklist_outstandingtoken_user_id_83bc629a ON public.token_blacklist_outstandingtoken USING btree (user_id);


--
-- TOC entry 4959 (class 2606 OID 57723)
-- Name: api_accounting api_accounting_device_id_d95fc22c_fk_api_device_id; Type: FK CONSTRAINT; Schema: public; Owner: postgres
--

ALTER TABLE ONLY public.api_accounting
    ADD CONSTRAINT api_accounting_device_id_d95fc22c_fk_api_device_id FOREIGN KEY (device_id) REFERENCES public.api_device(id) DEFERRABLE INITIALLY DEFERRED;


--
-- TOC entry 4938 (class 2606 OID 41771)
-- Name: api_basket api_basket_user_id_877c48f6_fk_api_user_id; Type: FK CONSTRAINT; Schema: public; Owner: postgres
--

ALTER TABLE ONLY public.api_basket
    ADD CONSTRAINT api_basket_user_id_877c48f6_fk_api_user_id FOREIGN KEY (user_id) REFERENCES public.api_user(id) DEFERRABLE INITIALLY DEFERRED;


--
-- TOC entry 4943 (class 2606 OID 41929)
-- Name: api_basketdevice api_basketdevice_basket_id_887f1472_fk_api_basket_id; Type: FK CONSTRAINT; Schema: public; Owner: postgres
--

ALTER TABLE ONLY public.api_basketdevice
    ADD CONSTRAINT api_basketdevice_basket_id_887f1472_fk_api_basket_id FOREIGN KEY (basket_id) REFERENCES public.api_basket(id) DEFERRABLE INITIALLY DEFERRED;


--
-- TOC entry 4944 (class 2606 OID 49466)
-- Name: api_basketdevice api_basketdevice_device_id_d53197d7_fk_api_device_id; Type: FK CONSTRAINT; Schema: public; Owner: postgres
--

ALTER TABLE ONLY public.api_basketdevice
    ADD CONSTRAINT api_basketdevice_device_id_d53197d7_fk_api_device_id FOREIGN KEY (device_id) REFERENCES public.api_device(id) DEFERRABLE INITIALLY DEFERRED;


--
-- TOC entry 4956 (class 2606 OID 57697)
-- Name: api_characteristic api_characteristic_type_id_8485bd33_fk_api_type_id; Type: FK CONSTRAINT; Schema: public; Owner: postgres
--

ALTER TABLE ONLY public.api_characteristic
    ADD CONSTRAINT api_characteristic_type_id_8485bd33_fk_api_type_id FOREIGN KEY (type_id) REFERENCES public.api_type(id) DEFERRABLE INITIALLY DEFERRED;


--
-- TOC entry 4936 (class 2606 OID 41764)
-- Name: api_comment api_comment_device_id_3070a4e7_fk_api_device_id; Type: FK CONSTRAINT; Schema: public; Owner: postgres
--

ALTER TABLE ONLY public.api_comment
    ADD CONSTRAINT api_comment_device_id_3070a4e7_fk_api_device_id FOREIGN KEY (device_id) REFERENCES public.api_device(id) DEFERRABLE INITIALLY DEFERRED;


--
-- TOC entry 4937 (class 2606 OID 41759)
-- Name: api_comment api_comment_user_id_14315666_fk_api_user_id; Type: FK CONSTRAINT; Schema: public; Owner: postgres
--

ALTER TABLE ONLY public.api_comment
    ADD CONSTRAINT api_comment_user_id_14315666_fk_api_user_id FOREIGN KEY (user_id) REFERENCES public.api_user(id) DEFERRABLE INITIALLY DEFERRED;


--
-- TOC entry 4950 (class 2606 OID 49443)
-- Name: api_deliveryorder api_deliveryorder_order_id_7bb14570_fk_api_order_id; Type: FK CONSTRAINT; Schema: public; Owner: postgres
--

ALTER TABLE ONLY public.api_deliveryorder
    ADD CONSTRAINT api_deliveryorder_order_id_7bb14570_fk_api_order_id FOREIGN KEY (order_id) REFERENCES public.api_order(id) DEFERRABLE INITIALLY DEFERRED;


--
-- TOC entry 4934 (class 2606 OID 41752)
-- Name: api_device api_device_brand_id_02e0bebb_fk_api_brand_id; Type: FK CONSTRAINT; Schema: public; Owner: postgres
--

ALTER TABLE ONLY public.api_device
    ADD CONSTRAINT api_device_brand_id_02e0bebb_fk_api_brand_id FOREIGN KEY (brand_id) REFERENCES public.api_brand(id) DEFERRABLE INITIALLY DEFERRED;


--
-- TOC entry 4935 (class 2606 OID 41716)
-- Name: api_device api_device_type_id_d97d1232_fk_api_type_id; Type: FK CONSTRAINT; Schema: public; Owner: postgres
--

ALTER TABLE ONLY public.api_device
    ADD CONSTRAINT api_device_type_id_d97d1232_fk_api_type_id FOREIGN KEY (type_id) REFERENCES public.api_type(id) DEFERRABLE INITIALLY DEFERRED;


--
-- TOC entry 4957 (class 2606 OID 57703)
-- Name: api_devicecharacteristic api_devicecharacteri_characteristic_id_137130a1_fk_api_chara; Type: FK CONSTRAINT; Schema: public; Owner: postgres
--

ALTER TABLE ONLY public.api_devicecharacteristic
    ADD CONSTRAINT api_devicecharacteri_characteristic_id_137130a1_fk_api_chara FOREIGN KEY (characteristic_id) REFERENCES public.api_characteristic(id) DEFERRABLE INITIALLY DEFERRED;


--
-- TOC entry 4958 (class 2606 OID 57708)
-- Name: api_devicecharacteristic api_devicecharacteristic_device_id_4b107847_fk_api_device_id; Type: FK CONSTRAINT; Schema: public; Owner: postgres
--

ALTER TABLE ONLY public.api_devicecharacteristic
    ADD CONSTRAINT api_devicecharacteristic_device_id_4b107847_fk_api_device_id FOREIGN KEY (device_id) REFERENCES public.api_device(id) DEFERRABLE INITIALLY DEFERRED;


--
-- TOC entry 4947 (class 2606 OID 49430)
-- Name: api_order api_order_status_id_f0392396_fk_api_status_id; Type: FK CONSTRAINT; Schema: public; Owner: postgres
--

ALTER TABLE ONLY public.api_order
    ADD CONSTRAINT api_order_status_id_f0392396_fk_api_status_id FOREIGN KEY (status_id) REFERENCES public.api_status(id) DEFERRABLE INITIALLY DEFERRED;


--
-- TOC entry 4948 (class 2606 OID 49435)
-- Name: api_order api_order_type_order_id_21381c2e_fk_api_typeorder_id; Type: FK CONSTRAINT; Schema: public; Owner: postgres
--

ALTER TABLE ONLY public.api_order
    ADD CONSTRAINT api_order_type_order_id_21381c2e_fk_api_typeorder_id FOREIGN KEY (type_order_id) REFERENCES public.api_typeorder(id) DEFERRABLE INITIALLY DEFERRED;


--
-- TOC entry 4949 (class 2606 OID 49425)
-- Name: api_order api_order_user_id_52781ff0_fk_api_user_id; Type: FK CONSTRAINT; Schema: public; Owner: postgres
--

ALTER TABLE ONLY public.api_order
    ADD CONSTRAINT api_order_user_id_52781ff0_fk_api_user_id FOREIGN KEY (user_id) REFERENCES public.api_user(id) DEFERRABLE INITIALLY DEFERRED;


--
-- TOC entry 4951 (class 2606 OID 49448)
-- Name: api_orderdevice api_orderdevice_device_id_835ed31b_fk_api_device_id; Type: FK CONSTRAINT; Schema: public; Owner: postgres
--

ALTER TABLE ONLY public.api_orderdevice
    ADD CONSTRAINT api_orderdevice_device_id_835ed31b_fk_api_device_id FOREIGN KEY (device_id) REFERENCES public.api_device(id) DEFERRABLE INITIALLY DEFERRED;


--
-- TOC entry 4952 (class 2606 OID 49453)
-- Name: api_orderdevice api_orderdevice_order_id_9f3f2589_fk_api_order_id; Type: FK CONSTRAINT; Schema: public; Owner: postgres
--

ALTER TABLE ONLY public.api_orderdevice
    ADD CONSTRAINT api_orderdevice_order_id_9f3f2589_fk_api_order_id FOREIGN KEY (order_id) REFERENCES public.api_order(id) DEFERRABLE INITIALLY DEFERRED;


--
-- TOC entry 4953 (class 2606 OID 49460)
-- Name: api_pickuporder api_pickuporder_order_id_019aa4fc_fk_api_order_id; Type: FK CONSTRAINT; Schema: public; Owner: postgres
--

ALTER TABLE ONLY public.api_pickuporder
    ADD CONSTRAINT api_pickuporder_order_id_019aa4fc_fk_api_order_id FOREIGN KEY (order_id) REFERENCES public.api_order(id) DEFERRABLE INITIALLY DEFERRED;


--
-- TOC entry 4939 (class 2606 OID 41782)
-- Name: api_profile api_profile_user_id_41309820_fk_api_user_id; Type: FK CONSTRAINT; Schema: public; Owner: postgres
--

ALTER TABLE ONLY public.api_profile
    ADD CONSTRAINT api_profile_user_id_41309820_fk_api_user_id FOREIGN KEY (user_id) REFERENCES public.api_user(id) DEFERRABLE INITIALLY DEFERRED;


--
-- TOC entry 4940 (class 2606 OID 41788)
-- Name: api_rating api_rating_device_id_id_e72f7f12_fk_api_device_id; Type: FK CONSTRAINT; Schema: public; Owner: postgres
--

ALTER TABLE ONLY public.api_rating
    ADD CONSTRAINT api_rating_device_id_id_e72f7f12_fk_api_device_id FOREIGN KEY (device_id_id) REFERENCES public.api_device(id) DEFERRABLE INITIALLY DEFERRED;


--
-- TOC entry 4930 (class 2606 OID 41731)
-- Name: api_user_groups api_user_groups_group_id_3af85785_fk_auth_group_id; Type: FK CONSTRAINT; Schema: public; Owner: postgres
--

ALTER TABLE ONLY public.api_user_groups
    ADD CONSTRAINT api_user_groups_group_id_3af85785_fk_auth_group_id FOREIGN KEY (group_id) REFERENCES public.auth_group(id) DEFERRABLE INITIALLY DEFERRED;


--
-- TOC entry 4931 (class 2606 OID 41726)
-- Name: api_user_groups api_user_groups_user_id_a5ff39fa_fk_api_user_id; Type: FK CONSTRAINT; Schema: public; Owner: postgres
--

ALTER TABLE ONLY public.api_user_groups
    ADD CONSTRAINT api_user_groups_user_id_a5ff39fa_fk_api_user_id FOREIGN KEY (user_id) REFERENCES public.api_user(id) DEFERRABLE INITIALLY DEFERRED;


--
-- TOC entry 4932 (class 2606 OID 41745)
-- Name: api_user_user_permissions api_user_user_permis_permission_id_305b7fea_fk_auth_perm; Type: FK CONSTRAINT; Schema: public; Owner: postgres
--

ALTER TABLE ONLY public.api_user_user_permissions
    ADD CONSTRAINT api_user_user_permis_permission_id_305b7fea_fk_auth_perm FOREIGN KEY (permission_id) REFERENCES public.auth_permission(id) DEFERRABLE INITIALLY DEFERRED;


--
-- TOC entry 4933 (class 2606 OID 41740)
-- Name: api_user_user_permissions api_user_user_permissions_user_id_f3945d65_fk_api_user_id; Type: FK CONSTRAINT; Schema: public; Owner: postgres
--

ALTER TABLE ONLY public.api_user_user_permissions
    ADD CONSTRAINT api_user_user_permissions_user_id_f3945d65_fk_api_user_id FOREIGN KEY (user_id) REFERENCES public.api_user(id) DEFERRABLE INITIALLY DEFERRED;


--
-- TOC entry 4955 (class 2606 OID 57679)
-- Name: api_userlogin api_userlogin_user_id_db633db8_fk_api_user_id; Type: FK CONSTRAINT; Schema: public; Owner: postgres
--

ALTER TABLE ONLY public.api_userlogin
    ADD CONSTRAINT api_userlogin_user_id_db633db8_fk_api_user_id FOREIGN KEY (user_id) REFERENCES public.api_user(id) DEFERRABLE INITIALLY DEFERRED;


--
-- TOC entry 4954 (class 2606 OID 49484)
-- Name: api_wallet api_wallet_user_id_aed98cbb_fk_api_user_id; Type: FK CONSTRAINT; Schema: public; Owner: postgres
--

ALTER TABLE ONLY public.api_wallet
    ADD CONSTRAINT api_wallet_user_id_aed98cbb_fk_api_user_id FOREIGN KEY (user_id) REFERENCES public.api_user(id) DEFERRABLE INITIALLY DEFERRED;


--
-- TOC entry 4928 (class 2606 OID 41618)
-- Name: auth_group_permissions auth_group_permissio_permission_id_84c5c92e_fk_auth_perm; Type: FK CONSTRAINT; Schema: public; Owner: postgres
--

ALTER TABLE ONLY public.auth_group_permissions
    ADD CONSTRAINT auth_group_permissio_permission_id_84c5c92e_fk_auth_perm FOREIGN KEY (permission_id) REFERENCES public.auth_permission(id) DEFERRABLE INITIALLY DEFERRED;


--
-- TOC entry 4929 (class 2606 OID 41613)
-- Name: auth_group_permissions auth_group_permissions_group_id_b120cbf9_fk_auth_group_id; Type: FK CONSTRAINT; Schema: public; Owner: postgres
--

ALTER TABLE ONLY public.auth_group_permissions
    ADD CONSTRAINT auth_group_permissions_group_id_b120cbf9_fk_auth_group_id FOREIGN KEY (group_id) REFERENCES public.auth_group(id) DEFERRABLE INITIALLY DEFERRED;


--
-- TOC entry 4927 (class 2606 OID 41604)
-- Name: auth_permission auth_permission_content_type_id_2f476e4b_fk_django_co; Type: FK CONSTRAINT; Schema: public; Owner: postgres
--

ALTER TABLE ONLY public.auth_permission
    ADD CONSTRAINT auth_permission_content_type_id_2f476e4b_fk_django_co FOREIGN KEY (content_type_id) REFERENCES public.django_content_type(id) DEFERRABLE INITIALLY DEFERRED;


--
-- TOC entry 4941 (class 2606 OID 41804)
-- Name: django_admin_log django_admin_log_content_type_id_c4bce8eb_fk_django_co; Type: FK CONSTRAINT; Schema: public; Owner: postgres
--

ALTER TABLE ONLY public.django_admin_log
    ADD CONSTRAINT django_admin_log_content_type_id_c4bce8eb_fk_django_co FOREIGN KEY (content_type_id) REFERENCES public.django_content_type(id) DEFERRABLE INITIALLY DEFERRED;


--
-- TOC entry 4942 (class 2606 OID 41809)
-- Name: django_admin_log django_admin_log_user_id_c564eba6_fk_api_user_id; Type: FK CONSTRAINT; Schema: public; Owner: postgres
--

ALTER TABLE ONLY public.django_admin_log
    ADD CONSTRAINT django_admin_log_user_id_c564eba6_fk_api_user_id FOREIGN KEY (user_id) REFERENCES public.api_user(id) DEFERRABLE INITIALLY DEFERRED;


--
-- TOC entry 4945 (class 2606 OID 41915)
-- Name: token_blacklist_blacklistedtoken token_blacklist_blacklistedtoken_token_id_3cc7fe56_fk; Type: FK CONSTRAINT; Schema: public; Owner: postgres
--

ALTER TABLE ONLY public.token_blacklist_blacklistedtoken
    ADD CONSTRAINT token_blacklist_blacklistedtoken_token_id_3cc7fe56_fk FOREIGN KEY (token_id) REFERENCES public.token_blacklist_outstandingtoken(id) DEFERRABLE INITIALLY DEFERRED;


--
-- TOC entry 4946 (class 2606 OID 41881)
-- Name: token_blacklist_outstandingtoken token_blacklist_outs_user_id_83bc629a_fk_api_user_; Type: FK CONSTRAINT; Schema: public; Owner: postgres
--

ALTER TABLE ONLY public.token_blacklist_outstandingtoken
    ADD CONSTRAINT token_blacklist_outs_user_id_83bc629a_fk_api_user_ FOREIGN KEY (user_id) REFERENCES public.api_user(id) DEFERRABLE INITIALLY DEFERRED;


-- Completed on 2024-06-21 12:30:50

--
-- PostgreSQL database dump complete
--

